video,source,width,height,fps,n_frames,unit,scale_A_px,scale_B_px,detected_A,detected_B,both_detected,jitter_A_px,jitter_B_px,noise_floor_A_u,median_jerk_A_u,camera_static,camera_moving_fraction,camera_p95_px,camera_compensated,camera_compensated_fraction,camera_zoom_p95_abs,suspected_swaps,id_switches_A,id_switches_B,tracker,camera_ok,content,setting,source_group,pair_low_activity_flag,included,exclusion_reason
2cjt1_gkvFQ,tracks,712,480,29.97002997002997,1800,bl,92.58181382952189,120.4552220057358,0.09666666666666666,0.10555555555555556,0.019444444444444445,4.357176052888925,3.825248347811633,121.2110606421865,322.05890820872844,True,0.004048582995951417,0.3280276722584391,True,0.576346037507562,0.0005104157243962515,0,6,18,/home/andisici/Documents/Exactas/tesis/configs/botsort_reid.yaml,True,,,2cjt1_gkvFQ,False,False,low_detection;not_curated
2xNjyXrOtdA,tracks,1280,720,29.97002997002997,1800,bl,85.40407062811713,100.8507180689662,0.35833333333333334,0.3288888888888889,0.15944444444444444,4.284647656048785,3.4055481611351888,129.21096541594522,229.5112688777126,False,0.23556581986143188,9.142910717646647,True,0.9789427508904254,0.0006745957708544025,1,62,56,/home/andisici/Documents/Exactas/tesis/configs/botsort_reid.yaml,True,ci_dance,duet_bystanders,2xNjyXrOtdA,False,False,low_detection
65S9nuRzK4Q,tracks,1280,720,30.0,1801,bl,222.50073821124005,203.6939435109082,0.7462520821765686,0.679622431982232,0.5646862853970017,3.234370079428054,4.312494819093541,37.5511563722439,63.7374022398987,False,0.9117647058823529,18.352357753849024,True,0.9494485294117647,0.002362510261889394,3,83,116,/home/andisici/Documents/Exactas/tesis/configs/botsort_reid.yaml,True,ci_dance,duet_bystanders,65S9nuRzK4Q,False,True,
6BuVFmf4P74,tracks,1280,720,25.0,2251,bl,104.17732238769531,106.21827697753906,1.0,1.0,1.0,0.49395862307801225,1.0412164888035857,7.088244724282856,17.479882453592424,,,,True,0.5966237227898712,0.005008986888567256,0,6,13,/home/andisici/Documents/Exactas/tesis/configs/botsort_reid.yaml,False,videoconference,none,zoom_series,True,False,not_dance:videoconference
6_Ak86YoiR8,tracks,1280,720,25.0,1501,bl,275.7653862922478,222.89509992603584,0.3684210526315789,0.357761492338441,0.16055962691538975,12.572545543239167,12.088383985782402,68.15610873081656,172.7328843194315,False,0.6363636363636364,36.58467510429761,True,0.6993409909045296,0.003438125005800596,8,94,86,/home/andisici/Documents/Exactas/tesis/configs/botsort_reid.yaml,False,,,6_Ak86YoiR8,False,False,moving_camera;low_detection;not_curated
IAa9o45Dqhs,tracks,1920,1080,23.976023976023978,1440,bl,148.09046542489978,127.77905482386875,0.48055555555555557,0.5645833333333333,0.2881944444444444,6.870161169427448,6.390921061470346,61.174808264646586,139.14661973412197,False,0.9769230769230769,83.79648288094275,True,0.943607846483089,0.03503761113533564,16,58,59,/home/andisici/Documents/Exactas/tesis/configs/botsort_reid.yaml,False,,,IAa9o45Dqhs,False,False,moving_camera;low_detection;not_curated
NLWWQY3_QTo,tracks,1920,1080,30.0,1801,bl,195.15042563235687,217.08653023561482,0.3325930038867296,0.5413659078289839,0.2359800111049417,3.7088310831209075,3.6956983872918237,49.094474089574426,77.3670345854666,True,0.0,0.23261511975368498,True,1.0,3.2812393685743846e-05,3,20,35,/home/andisici/Documents/Exactas/tesis/configs/botsort_reid.yaml,True,,,NLWWQY3_QTo,False,False,low_detection;not_curated
OkwfGM7pad8,tracks,1280,720,25.0,2251,bl,96.99928283691406,90.84524536132812,1.0,1.0,1.0,0.24248962953529973,1.228385505581931,3.737196810008278,7.230339826222008,,,,True,0.8716126166148378,0.00048748434339706507,0,0,0,/home/andisici/Documents/Exactas/tesis/configs/botsort_reid.yaml,True,videoconference,none,zoom_series,True,False,not_dance:videoconference
Pbtdv8JjBzc,tracks,1280,720,25.0,2251,bl,65.85415649414062,85.00405396807967,1.0,1.0,1.0,0.33768344311659415,0.5415470915399784,7.665630804792585,13.990705376465938,,,,True,1.0,0.00012086263256390609,0,0,0,/home/andisici/Documents/Exactas/tesis/configs/botsort_reid.yaml,True,videoconference,none,zoom_series,True,False,not_dance:videoconference
PdPStkfazbE,tracks,640,352,30.0,1003,bl,49.952759939495216,62.39332680250823,0.419740777666999,0.7756729810568295,0.32103688933200397,1.906847041737666,1.5729231100424215,98.61010696301607,124.1827504607378,False,0.9180327868852459,10.374401837546504,True,0.9820463579798374,0.002142260970208685,2,37,34,/home/andisici/Documents/Exactas/tesis/configs/botsort_reid.yaml,True,,,PdPStkfazbE,False,False,low_detection;not_curated
QdKZlryJ4HY,tracks,1280,720,25.0,1501,bl,141.72938876849372,167.46799052448338,0.619586942038641,0.5769487008660893,0.43104596935376416,5.28200692710885,6.180650731933626,55.71349137137959,115.67867357234552,False,0.6157635467980296,19.020721821130806,True,0.942319153691425,0.0025969514685015185,10,108,77,/home/andisici/Documents/Exactas/tesis/configs/botsort_reid.yaml,True,ci_dance,duet_bystanders,QdKZlryJ4HY,False,True,
Rc9vIJt00vs,tracks,1280,720,59.94005994005994,5395,bl,120.45623972100913,124.17219980475926,0.5071362372567192,0.6811862835959221,0.44967562557924,1.9815202817915698,2.3124122339922817,338.93938389543723,497.36987304299214,,,,True,1.0,0.0007717978565608738,17,168,206,/home/andisici/Documents/Exactas/tesis/configs/botsort_reid.yaml,True,ci_dance,duet,Rc9vIJt00vs,False,True,
S23AXtFW6qs,tracks,1920,1080,23.976023976023978,1440,bl,226.99378954060168,291.66162660356906,0.6958333333333333,0.7951388888888888,0.5395833333333333,6.98785939170045,9.835959566933983,40.594105103985775,78.23687890204091,False,0.921875,81.99917683494769,True,0.9796019315081628,0.016222289275299562,8,83,92,/home/andisici/Documents/Exactas/tesis/configs/botsort_reid.yaml,False,,,S23AXtFW6qs,False,False,moving_camera;not_curated
SQq1_bhD5q0,tracks,1280,720,23.976023976023978,1440,bl,99.71378954724533,134.17378345858717,0.26458333333333334,0.7923611111111111,0.17152777777777778,5.2860542502906736,5.207457237883095,69.90515190780732,175.06560673916846,False,0.9502762430939227,46.617969080699275,True,0.9281953252775919,0.026477605537375826,1,28,59,/home/andisici/Documents/Exactas/tesis/configs/botsort_reid.yaml,False,,,SQq1_bhD5q0,False,False,moving_camera;low_detection;not_curated
U1M_QqM2f1c,tracks,1920,1080,23.976023976023978,1440,bl,68.44515596018528,62.783484694214245,0.20902777777777778,0.30625,0.06388888888888888,2.6084389985889906,3.4718061227530628,50.25401403667223,95.82344993394418,False,0.9171974522292994,58.793849208912356,True,0.997732426303855,0.009843849615329801,1,16,29,/home/andisici/Documents/Exactas/tesis/configs/botsort_reid.yaml,True,,,U1M_QqM2f1c,False,False,low_detection;not_curated
VDBbyypWLJM,tracks,450,360,29.97034618332056,1799,bl,107.81359100341797,107.7859878540039,0.07559755419677598,0.3235130628126737,0.0016675931072818232,3.0636415847219842,3.677705719397085,73.18819211363234,173.65049912474618,True,0.0055762081784386614,0.6091347846852827,True,0.9946053163533455,0.0016859733518086665,0,3,0,/home/andisici/Documents/Exactas/tesis/configs/botsort_reid.yaml,True,,,VDBbyypWLJM,False,False,low_detection;not_curated
WiG1BTRJMIU,tracks,1280,720,25.0,2251,bl,94.69837188720703,100.65991973876953,1.0,1.0,1.0,0.5277584520587607,0.6697666394487769,8.331323681420068,15.857732971495919,,,,True,0.9702354509107064,6.242101279621548e-05,0,0,0,/home/andisici/Documents/Exactas/tesis/configs/botsort_reid.yaml,True,videoconference,none,zoom_series,True,False,not_dance:videoconference
WivRIl8ZBPA,tracks,1280,720,25.0,2251,bl,118.9984670566994,64.65277099609375,1.0,1.0,1.0,0.2232301513112381,0.5782353614126896,2.804353837547463,5.360365871351309,,,,True,0.8298533984895602,0.00022116320553653972,0,1,0,/home/andisici/Documents/Exactas/tesis/configs/botsort_reid.yaml,True,videoconference,none,zoom_series,True,False,not_dance:videoconference
X-7izu2QpqA,tracks,1920,1080,25.0,1501,bl,364.90887067437075,163.01611928772172,0.8047968021319121,0.6382411725516323,0.6349100599600267,1.6173791398886213,1.0870961950980855,6.6259589262499565,12.744450883604404,False,0.27032136105860116,19.962767706160818,True,0.9235870121251504,0.003357618565180309,0,10,26,/home/andisici/Documents/Exactas/tesis/configs/botsort_reid.yaml,True,ci_dance,jam,X-7izu2QpqA,True,True,
XW6_uwEqt_A,tracks,1920,1080,23.976023976023978,217,bl,195.0507301129805,181.0177695427169,0.783410138248848,0.39631336405529954,0.3271889400921659,2.544026593974579,2.971281137279678,17.199144926997498,48.87204246231158,False,0.2608695652173913,19.017938068872898,True,0.5408344733242134,0.0003151826304695904,0,8,9,/home/andisici/Documents/Exactas/tesis/configs/botsort_reid.yaml,False,,,XW6_uwEqt_A,False,False,moving_camera;too_short;low_detection;not_curated
YAB8G3JVTkc,tracks,1920,1080,24.0,1441,bl,369.43529738028406,454.75767495062416,0.607911172796669,0.5648854961832062,0.3247744621790423,15.53721358787812,10.891665044265613,55.624967529561346,180.91015085891235,False,1.0,39.82984010928722,True,0.7202411003780866,0.005249262906693447,12,129,84,/home/andisici/Documents/Exactas/tesis/configs/botsort_reid.yaml,False,,,YAB8G3JVTkc,False,False,moving_camera;low_detection;not_curated
ZfdejcO5Sqw,tracks,1920,1080,23.976023976023978,1440,bl,152.7985946065636,158.963862422905,0.6534722222222222,0.6888888888888889,0.4861111111111111,3.1410389660597735,3.0566562911576662,27.107330681960224,40.22838723267957,False,0.5846153846153846,71.39588936638121,True,0.9576586121490521,0.033437751660414045,6,49,46,/home/andisici/Documents/Exactas/tesis/configs/botsort_reid.yaml,False,,,ZfdejcO5Sqw,False,False,moving_camera;not_curated
_oWA1sWMlOk,tracks,640,480,29.97002997002997,1800,bl,,111.8417628901333,0.011111111111111112,0.49277777777777776,0.011111111111111112,,0.0503016634865779,,,True,0.0,0.17500213577818402,True,1.0,0.00018486341958634522,0,0,0,/home/andisici/Documents/Exactas/tesis/configs/botsort_reid.yaml,True,,,_oWA1sWMlOk,True,False,low_detection;no_body_scale;not_curated
cF44KD8DJg0,tracks,640,352,30.0,949,bl,70.78358438103682,65.05923752783772,0.7355110642781876,0.1517386722866175,0.13593256059009484,2.951099476940344,2.638405558974824,107.70016263929402,144.85863564822557,False,1.0,27.700676490209922,True,0.9550302451448582,0.003301746434827591,2,57,19,/home/andisici/Documents/Exactas/tesis/configs/botsort_reid.yaml,True,,,cF44KD8DJg0,False,False,low_detection;not_curated
ci_duet_sample,tracks,1280,720,30.0,900,bl,283.707176348921,305.84079729661,0.6644444444444444,0.7388888888888889,0.48333333333333334,9.735551112240792,7.520484906693237,88.64521153850022,192.68936053360744,False,1.0,107.37268774662301,True,0.9313916061055649,0.004649571188165035,8,64,54,/home/andisici/Documents/Exactas/tesis/configs/botsort_reid.yaml,True,ci_dance,jam,cellist_performance,False,True,
dGPRMNAECKM,tracks,1280,720,29.97002997002997,1800,bl,107.41872266710882,103.88911933821014,0.655,0.8688888888888889,0.5255555555555556,2.1783065402852206,2.1965511708904977,52.227812956618564,82.3232239364936,False,0.5317018909899889,13.390463078800302,True,1.0,0.0010496657861540635,4,45,39,/home/andisici/Documents/Exactas/tesis/configs/botsort_reid.yaml,True,ci_dance,duet,dGPRMNAECKM,False,True,
eTvS35f-w_Y,tracks,1920,1080,23.976023976023978,1440,bl,173.7819482016762,248.7414395170529,0.46319444444444446,0.6666666666666666,0.35694444444444445,9.444338462463671,11.132219292454929,71.66377318974793,121.48501243255325,False,0.8228346456692913,52.60619600661561,True,0.9189639555222389,0.0014793599589749838,1,56,100,/home/andisici/Documents/Exactas/tesis/configs/botsort_reid.yaml,True,,,eTvS35f-w_Y,False,False,low_detection;not_curated
exploration_video,tracks,1280,720,29.97002997002997,6645,bl,125.66964643826822,121.21852709636383,0.9048908954100827,0.8603461249059443,0.8016553799849511,3.9377730470089274,3.6592218455499927,80.70178063605674,150.52594788950472,False,0.8055152394775036,36.594211897334596,True,0.9445641376225221,0.006462321417750272,0,290,273,/home/andisici/Documents/Exactas/tesis/configs/botsort_reid.yaml,True,ci_dance,jam,exploration_video,False,True,
f1o6FJL8bxM,tracks,1920,1080,29.97002997002997,1800,bl,303.7324905473497,313.7302016546955,0.7972222222222223,0.9027777777777778,0.7066666666666667,4.968528387787378,3.6310581268526887,42.130765746470054,70.2964457127225,False,0.6287878787878788,28.300999019726426,True,0.8507617260787992,0.002789592096140825,6,79,62,/home/andisici/Documents/Exactas/tesis/configs/botsort_reid.yaml,True,ci_dance,jam,f1o6FJL8bxM,False,True,
gVGen9nQvxg,tracks,1280,720,25.0,2251,bl,86.34734344482422,82.02992248535156,1.0,1.0,1.0,0.3269677730810372,0.9960251572336739,5.660793226173277,10.911356251984474,,,,True,0.9684584629053754,0.00028811532573949086,0,0,0,/home/andisici/Documents/Exactas/tesis/configs/botsort_reid.yaml,True,videoconference,none,zoom_series,True,False,not_dance:videoconference
gvlGAl5a24I,tracks,1280,720,25.0,2251,bl,96.95072174072266,99.68772888183594,1.0,1.0,1.0,0.4345371645260742,0.4524162826576087,6.700345576645842,19.455052867103866,,,,True,0.5326521545979565,0.000272510024915251,0,0,0,/home/andisici/Documents/Exactas/tesis/configs/botsort_reid.yaml,False,videoconference,none,zoom_series,True,False,not_dance:videoconference
hJQgFDsAms4,tracks,654,480,29.97002997002997,1800,bl,64.28393660342424,64.46705240003418,0.735,0.7366666666666667,0.5105555555555555,2.015727364856873,1.4273448719546622,80.75922749772421,129.79922923564646,False,0.31676136363636365,6.9418797722055645,True,0.9841475051559085,0.006955006359464472,1,59,47,/home/andisici/Documents/Exactas/tesis/configs/botsort_reid.yaml,True,ci_dance,duet,hJQgFDsAms4,False,True,
iOEZ3i9rgYM,tracks,1920,1080,29.97002997002997,1800,bl,206.98846706739963,188.95980785948964,0.8066666666666666,0.7672222222222222,0.5738888888888889,3.0078326348993247,3.693788426720849,37.42573579330062,64.15942725310653,False,0.05672969966629588,6.323388280534345,True,1.0,0.000626520688478264,4,38,57,/home/andisici/Documents/Exactas/tesis/configs/botsort_reid.yaml,True,ci_dance,duet,iOEZ3i9rgYM,False,True,
iYdwYBTa4Kk,tracks,1920,1080,25.0,1501,bl,195.04946835723936,168.00230000950316,0.681545636242505,0.570286475682878,0.5336442371752165,3.4567513234848724,2.8238746976740905,26.493826606394222,46.85367390377756,False,0.3747870528109029,28.163434871227842,True,0.9639991640858387,0.0032011428297119005,1,47,24,/home/andisici/Documents/Exactas/tesis/configs/botsort_reid.yaml,True,ci_dance,jam,iYdwYBTa4Kk,False,True,
ibiza_ci,tracks,3840,2160,23.99325716426297,3416,bl,404.3119584179347,411.6696704989801,0.9932669789227166,0.9938524590163934,0.9871194379391101,7.633793753232823,7.81999199486501,24.9512759226024,52.37384134892212,False,0.7859531772575251,90.23678097144268,True,0.8989394695047024,0.004584116291925955,0,126,121,/home/andisici/Documents/Exactas/tesis/configs/botsort_reid.yaml,True,ci_dance,jam,ibiza,False,True,
ibiza_small,tracks,640,360,23.976023976023978,720,bl,69.16097452381555,73.81703307090298,0.7097222222222223,0.8638888888888889,0.6513888888888889,1.758858571431255,1.7053497222538145,33.53533158679748,76.55416112328932,False,0.8297872340425532,13.892110562475354,True,0.7822392887031921,0.002290845195313818,0,23,68,/home/andisici/Documents/Exactas/tesis/configs/botsort_reid.yaml,False,ci_dance,jam,ibiza,False,False,moving_camera
k5Bfof2rsNw,tracks,1280,720,25.0,2251,bl,135.8745373166878,67.37789916992188,0.9351399378054198,0.926254997778765,0.926254997778765,0.2368980611045045,0.2833250990477249,2.6064221084549706,6.538254372476157,,,,True,0.5307860125201501,0.0013716690337758353,0,0,1,/home/andisici/Documents/Exactas/tesis/configs/botsort_reid.yaml,False,videoconference,none,zoom_series,True,False,not_dance:videoconference
kMkJpfUGZz8,tracks,1920,1080,29.97002997002997,1800,bl,191.14402256813162,185.1191819934805,0.9683333333333334,0.96,0.9283333333333333,1.9155783005923623,1.9779024713592814,25.810832703536875,53.78181729125273,False,0.5453100158982512,46.06344659301785,True,1.0,0.010870483529358063,2,24,37,/home/andisici/Documents/Exactas/tesis/configs/botsort_reid.yaml,False,,,kMkJpfUGZz8,False,False,moving_camera;not_curated
kxztAr2tQmE,tracks,1280,720,29.97002997002997,1800,bl,76.66903845002712,66.99320854052753,0.675,0.705,0.5127777777777778,1.2442770534603191,1.130552714137211,41.79842370148929,80.26557663300724,True,0.0044994375703037125,2.9333642173702206,True,1.0,3.201657931938828e-05,5,37,34,/home/andisici/Documents/Exactas/tesis/configs/botsort_reid.yaml,True,ci_dance,duet,kxztAr2tQmE,False,True,
lGmAumezBCs,tracks,854,480,29.97002997002997,1800,bl,80.91403011278865,91.73630602744583,0.6477777777777778,0.8533333333333334,0.5916666666666667,1.945751829286679,1.5279087198778072,61.933616864328286,139.2874620347609,False,0.95,37.64080892387344,True,0.7009100066109206,0.00399288999046215,1,50,50,/home/andisici/Documents/Exactas/tesis/configs/botsort_reid.yaml,False,,,lGmAumezBCs,False,False,moving_camera;not_curated
n2M6UOGjGSg,tracks,1920,1080,23.976023976023978,1440,bl,147.01736917953912,108.93054484458698,0.5777777777777777,0.39861111111111114,0.23055555555555557,6.678511545083534,5.791386211163616,59.902344932389504,115.46482627117312,False,0.9080118694362018,62.631281813243646,True,0.9260335700884481,0.019192172797854515,0,35,27,/home/andisici/Documents/Exactas/tesis/configs/botsort_reid.yaml,False,,,n2M6UOGjGSg,False,False,moving_camera;low_detection;not_curated
oB8MuarHT8E,tracks,1920,1080,25.0,1501,bl,297.4935822347759,283.414150791395,0.6642238507661559,0.6502331778814124,0.5909393737508328,6.2921445518638555,6.78938497860433,31.61858371986634,64.02427266899636,False,0.8431372549019608,53.83193543024479,True,0.8737981362119145,0.0016218215800993694,8,77,89,/home/andisici/Documents/Exactas/tesis/configs/botsort_reid.yaml,True,ci_dance,jam,oB8MuarHT8E,False,True,
oNZe588clcw,tracks,1920,1080,23.976023976023978,1440,bl,161.92335156302292,154.03213576140382,0.5270833333333333,0.65,0.19722222222222222,7.633041072486612,6.834570781837908,62.161416769833025,116.08678803111664,False,1.0,62.21559661529057,True,0.9719392925914665,0.01752743420784375,5,35,55,/home/andisici/Documents/Exactas/tesis/configs/botsort_reid.yaml,False,,,oNZe588clcw,False,False,moving_camera;low_detection;not_curated
occlusion_test,tracks,1080,1920,29.980013324450365,150,bl,279.9738965327583,311.1312646853006,0.7733333333333333,0.3466666666666667,0.12,9.241626765802522,6.391014284132292,85.09962469308229,161.96465289148517,False,0.0,,True,1.0,0.000477055562859546,0,8,3,/home/andisici/Documents/Exactas/tesis/configs/botsort_reid.yaml,True,ci_dance,jam,user_field,False,False,too_short;low_detection
public_ci_video,tracks,1280,720,30.0,3436,bl,215.52578846720547,244.798521503258,0.9214202561117578,0.9080325960419092,0.839639115250291,4.902932878047071,5.478761413817613,58.76540939798143,117.77824225841853,False,0.8837209302325582,71.27952375135348,True,0.855683585208222,0.0038739566533131306,1,139,169,/home/andisici/Documents/Exactas/tesis/configs/botsort_reid.yaml,True,ci_dance,jam,cellist_performance,False,True,
r9PGJRItIX4,tracks,1920,1080,23.976023976023978,1440,bl,279.8937063314649,338.0815589490129,0.5833333333333334,0.45,0.2375,14.605639090307669,13.496541890685917,68.81137265641206,143.4381774852833,False,0.8897243107769424,98.66386673578573,True,0.9427689594356261,0.010445229766472436,18,49,46,/home/andisici/Documents/Exactas/tesis/configs/botsort_reid.yaml,False,,,r9PGJRItIX4,False,False,moving_camera;low_detection;not_curated
rx7pHCBitAk,tracks,1280,720,25.0,2251,bl,89.25198364257812,67.68162536621094,1.0,0.9928920479786761,0.9928920479786761,0.18468764796111442,0.2636616001329892,3.0934371450328464,7.383398571894823,,,,True,0.6125738796676993,0.000134619812142533,0,0,6,/home/andisici/Documents/Exactas/tesis/configs/botsort_reid.yaml,False,videoconference,none,zoom_series,True,False,not_dance:videoconference
swmrAJkYrlY,tracks,1280,720,29.915,5700,bl,116.1085270824307,132.83927954964167,0.79,0.8449122807017544,0.7149122807017544,1.347455662169428,1.4626000967083745,29.724782548558245,49.69177442787708,False,0.43859649122807015,17.735381686454687,True,0.9993626434351996,0.0006550340685510301,26,129,154,/home/andisici/Documents/Exactas/tesis/configs/botsort_reid.yaml,True,ci_dance,duet_bystanders,swmrAJkYrlY,False,True,
tt1TgoRwle0,tracks,960,720,29.97002997002997,1800,bl,146.36709893994006,128.39552841435273,0.20055555555555554,0.5961111111111111,0.18777777777777777,3.3364369811995087,2.086032601901261,58.708676472019434,90.18480546711069,False,0.8373626373626374,22.653892748708884,True,0.9907190598756173,0.010493357256214425,0,33,37,/home/andisici/Documents/Exactas/tesis/configs/botsort_reid.yaml,False,,,tt1TgoRwle0,False,False,moving_camera;low_detection;not_curated
u9AhpFxfEfs,tracks,1920,1080,25.0,1501,bl,278.73411489682155,235.44583652721656,0.631578947368421,0.6075949367088608,0.4943371085942705,12.306736803294605,9.86505573204902,66.00458567356844,157.75392615687528,False,0.336283185840708,11.59946538474075,True,0.726418498778592,0.003602737544422597,4,99,86,/home/andisici/Documents/Exactas/tesis/configs/botsort_reid.yaml,False,,,u9AhpFxfEfs,False,False,moving_camera;not_curated
uS1JQ-LY8Fs,tracks,384,288,14.985014985014985,901,bl,40.6062281616887,46.34983426862004,1.0,0.9977802441731409,0.9977802441731409,0.1417768385523968,0.42100944006694535,1.1240496088884355,2.9745604568955395,False,0.0,,True,0.79888864060326,0.000915536422067653,0,0,0,/home/andisici/Documents/Exactas/tesis/configs/botsort_reid.yaml,False,,,uS1JQ-LY8Fs,True,False,moving_camera;not_curated
ul2LMUIuwno,tracks,1920,1080,23.976023976023978,1440,bl,174.88734012620023,171.8559381820662,0.7243055555555555,0.8027777777777778,0.5423611111111111,6.37565694359236,5.5742586892673724,48.07279328754025,84.67339546922939,False,0.8027210884353742,63.03700860992985,True,0.9896301592093608,0.02118425934145731,7,52,53,/home/andisici/Documents/Exactas/tesis/configs/botsort_reid.yaml,False,,,ul2LMUIuwno,False,False,moving_camera;not_curated
user_ci_video,tracks,1080,1920,29.98329559374884,6731,bl,180.1419137827081,170.6784363044863,0.8145892140840886,0.7305006685485069,0.5929282424602585,4.355306923653502,4.849246656286167,62.35099510969412,101.52487053401893,False,0.7233606557377049,25.384649373380423,True,0.9982745862922173,0.0006955486406927999,16,315,330,/home/andisici/Documents/Exactas/tesis/configs/botsort_reid.yaml,True,ci_dance,jam,user_field,False,True,
user_small,tracks,640,1138,29.97002997002997,900,bl,141.75234410670743,112.80163843200445,0.7711111111111111,0.37,0.21555555555555556,3.0953249647565535,3.480483405399141,56.23916054207612,102.64350754353303,False,0.8378378378378378,12.4998821565655,True,0.9985590778097982,0.000701122339976279,0,19,29,/home/andisici/Documents/Exactas/tesis/configs/botsort_reid.yaml,True,ci_dance,jam,user_field,False,False,low_detection
v-_4hlLnyMo,tracks,1920,1080,23.976023976023978,1440,bl,105.70535637143719,126.93132779284167,0.7909722222222222,0.45416666666666666,0.25763888888888886,4.057217040141554,5.037863565721807,50.61322788748652,76.06840238045258,False,0.6868686868686869,39.98856606456706,True,0.9923399730972768,0.00958732096743998,1,41,34,/home/andisici/Documents/Exactas/tesis/configs/botsort_reid.yaml,True,,,v-_4hlLnyMo,False,False,low_detection;not_curated
vinlwkaIW4c,tracks,1280,720,24.0,2161,bl,82.81537195391194,91.14012388885831,0.8250809810273022,0.7838963442850532,0.6330402591392874,2.5220154079662547,2.2027705894359415,40.27836198594246,76.93200286631283,,,,True,1.0,0.0004922279730361189,11,92,85,/home/andisici/Documents/Exactas/tesis/configs/botsort_reid.yaml,True,ci_dance,duet,vinlwkaIW4c,False,True,
whole,tracks,1280,720,30.0,6663,bl,197.41213261531658,209.21725517906629,0.8913402371304218,0.9323127720246135,0.8368602731502326,5.184265296050352,5.283357589895978,67.83884395536018,148.71605459226623,False,0.9636363636363636,54.97516532084671,True,0.8398342881107096,0.0035616661070712336,1,303,284,/home/andisici/Documents/Exactas/tesis/configs/botsort_reid.yaml,True,ci_dance,jam,cellist_performance,False,True,
xeUSDR9SutE,tracks,1280,720,25.0,2251,bl,136.3350806813748,93.60303497314453,1.0,1.0,1.0,0.17667541587569213,0.8077593538809225,1.9372685386576816,5.0747739914427985,,,,True,0.5366503776099512,0.00022829410486782106,0,3,4,/home/andisici/Documents/Exactas/tesis/configs/botsort_reid.yaml,False,videoconference,none,zoom_series,True,False,not_dance:videoconference
yI_UKzqbrbw,tracks,640,360,29.97034618332056,1799,bl,109.18204295585726,115.71646638764751,0.9177320733740967,0.8893829905503057,0.8387993329627571,1.2440712682831438,1.1186234158202548,29.34746673222002,51.63831751950125,False,0.23076923076923078,2.4184666100453316,True,0.9642423152634767,0.0013820132323019586,0,35,33,/home/andisici/Documents/Exactas/tesis/configs/botsort_reid.yaml,True,ci_dance,duet,yI_UKzqbrbw,True,True,
yyaHk7KN9bY,tracks,1920,1080,23.976023976023978,1440,bl,152.40857253022438,169.14035057244106,0.4513888888888889,0.4951388888888889,0.3951388888888889,9.934546592410237,7.703644625699732,85.95505942589662,174.6063395873789,False,0.6613418530351438,55.99802086810593,True,0.7841773654115871,0.009536692828516677,10,143,109,/home/andisici/Documents/Exactas/tesis/configs/botsort_reid.yaml,False,,,yyaHk7KN9bY,False,False,moving_camera;low_detection;not_curated
zQRF2sLK1vY,tracks,1280,720,29.97002997002997,1800,bl,134.41093398612225,123.35819771981167,0.7755555555555556,0.7227777777777777,0.6077777777777778,2.083454801666468,2.561043188867666,39.92200207807476,73.56110108605044,False,0.6056105610561056,18.64552739329798,True,0.9912209365068528,0.005784754658201168,6,54,48,/home/andisici/Documents/Exactas/tesis/configs/botsort_reid.yaml,True,ci_dance,duet_bystanders,zQRF2sLK1vY,False,True,
