video,fps,minutes_both_visible,contact_frac,contact_bouts_per_min,contact_bout_median_s,weight_share_per_min,weight_share_median_s,frac_standing,frac_middle,frac_floor,genre,n_bouts,roll_share,hold_share,hand_share,hand_hand_share,torso_share
dGPRMNAECKM,29.97002997002997,0.5260811111111111,0.7780126849894292,32.3144086357617,1.0677333333333334,3.801695133619024,0.35035,0.7724333063864187,0.12368633791430882,0.10388035569927244,CI,7,0.42857142857142855,0.14285714285714285,0.36585365853658536,0.2078804347826087,0.35597826086956524
hJQgFDsAms4,29.97002997002997,0.5110661111111111,0.6605005440696409,29.35041019915884,0.8008000000000001,0.0,,0.5734670266101042,0.13575009641342076,0.29078287697647515,CI,4,0.5,0.0,0.36446886446886445,0.15485996705107083,0.400329489291598
iOEZ3i9rgYM,29.97002997002997,0.5744627777777779,0.9002904162633107,33.07437963778718,1.5015,3.4815136460828615,0.46713333333333334,0.9797872340425532,0.02021276595744681,0.0,CI,9,0.2222222222222222,0.2222222222222222,0.06896551724137931,0.12043010752688173,0.4978494623655914
kxztAr2tQmE,29.97002997002997,0.5132905555555556,0.656554712892741,35.06785738638393,0.7340666666666666,5.844642897730655,0.33366666666666667,0.7005239822652156,0.18661829907295446,0.1128577186618299,CI,5,0.6,0.0,0.5042735042735043,0.26732673267326734,0.3481848184818482
swmrAJkYrlY,29.915,2.270321466376957,0.47092024539877303,22.02331288343558,0.7187029918101288,0.8809325153374232,0.7019889687447769,0.8651523545706371,0.12664819944598338,0.0081994459833795,CI,16,0.5,0.125,0.5025718961889174,0.16310578426263678,0.3350703491401772
zQRF2sLK1vY,29.97002997002997,0.6083855555555555,0.6179159049360147,24.655417708434165,0.7674333333333333,3.287389027791222,0.5839166666666666,0.5208098987626547,0.27634045744281965,0.2028496437945257,CI,6,0.3333333333333333,0.0,0.14001814882032668,0.03698224852071006,0.5118343195266272
Rc9vIJt00vs,59.94005994005994,0.6745627777777778,0.7423742786479802,45.95569311150514,0.7841166666666667,7.412208566371797,0.41708333333333336,0.6776315789473685,0.18790115532734275,0.13446726572528883,CI,6,0.3333333333333333,0.16666666666666666,0.22033805590503802,0.09883398112159911,0.44752915047196
vinlwkaIW4c,24.0,0.95,0.5321637426900585,30.526315789473685,0.875,3.1578947368421053,0.4583333333333333,0.6923969820081254,0.19820081253627395,0.1094022054556007,CI,6,0.5,0.16666666666666666,0.2866300366300366,0.17994505494505494,0.35302197802197804
kMkJpfUGZz8,29.97002997002997,0.9292616666666668,0.3201675643327349,13.98960106320968,1.1678333333333333,0.0,,0.7731778425655976,0.22040816326530613,0.00641399416909621,CI,5,0.4,0.0,0.3935483870967742,0.13644859813084112,0.4130841121495327
uS1JQ-LY8Fs,14.985014985014985,0.9998877777777778,0.035595105672969966,2.0002244696349254,0.9676333333333333,0.0,,0.9844444444444445,0.015555555555555555,0.0,CI,0,,,,0.03125,0.40625
ZfdejcO5Sqw,23.976023976023978,0.48659722222222224,0.41714285714285715,20.550877693734837,0.8550208333333332,2.0550877693734835,0.5005,0.7185821697099892,0.2518796992481203,0.02953813104189044,CI,3,0.6666666666666666,0.0,0.7142857142857143,0.08904109589041095,0.3458904109589041
ul2LMUIuwno,23.976023976023978,0.5429034722222222,0.8578745198463509,31.313117100569084,1.001,7.367792258957431,0.8550208333333332,0.5212713936430318,0.2904645476772616,0.1882640586797066,CI,5,0.2,0.0,0.30917874396135264,0.06716417910447761,0.49850746268656715
salsa_Pair1_song1_take1,30.0,0.34444444444444444,0.7225806451612903,40.645161290322584,0.95,0.0,,0.9092488059053409,0.09075119409465914,0.0,salsa,2,1.0,0.0,0.4278184165232358,0.09821428571428571,0.5133928571428571
salsa_Pair2_song2_take1,30.0,0.7816666666666666,0.744136460554371,33.262260127931775,1.0166666666666666,0.0,,0.9896774193548387,0.01032258064516129,0.0,salsa,10,0.6,0.0,0.5608631887701656,0.1833810888252149,0.42406876790830944
salsa_Pair5_song2_take1,30.0,0.7766666666666667,0.8054363376251789,42.48927038626609,0.9666666666666667,0.0,,0.9792611795204148,0.020738820479585224,0.0,salsa,9,0.5555555555555556,0.1111111111111111,0.5294117647058824,0.15808170515097691,0.4413854351687389
