video,start_s,end_s,dur_s,mid_frame,core_s,net_travel_A_bl,spread_A_bl,regions_A,main_region_A,net_travel_B_bl,spread_B_bl,regions_B,main_region_B,hand_share,label
dGPRMNAECKM,0.5672333333333334,2.736066666666667,2.168833333333333,49,1.6349666666666667,0.3286764104405616,0.23784166101954535,2,hand,0.2264175096466035,0.24867785800774575,1,hand,0.8367346938775511,MIXED
dGPRMNAECKM,5.7057,7.841166666666667,2.135466666666667,203,1.6016000000000001,0.21306205384712248,0.16088591106130493,1,hand,0.14944752103614986,0.18229000800964537,1,hand,0.9791666666666666,GRIP
dGPRMNAECKM,16.049366666666668,17.751066666666667,1.7017,506,1.1678333333333333,0.13287508648317448,0.14505148846660154,1,torso,0.32674310370040327,0.1588187371931521,1,torso,0.11428571428571428,MIXED
dGPRMNAECKM,27.6276,29.295933333333334,1.6683333333333334,853,1.1344666666666667,0.9802899182045428,0.5074172350630503,2,torso,1.1826746364821166,0.6021220825537448,2,leg,0.0,ROLL
dGPRMNAECKM,47.7477,50.517133333333334,2.769433333333333,1472,2.2355666666666667,1.8576084835771918,0.9479006910769985,1,leg,0.3598196861677851,0.1280734792279585,1,torso,0.16417910447761194,ROLL
dGPRMNAECKM,52.752700000000004,54.3543,1.6016000000000001,1605,1.0677333333333334,,,0,,,,0,,0.125,MIXED
dGPRMNAECKM,54.98826666666667,56.890166666666666,1.9019,1676,1.3680333333333334,0.39667619195666637,0.37087017198230493,3,hand,0.41489664096928175,0.2533027372889295,1,torso,0.36585365853658536,ROLL
hJQgFDsAms4,1.2345666666666666,6.4064000000000005,5.171833333333334,114,4.637966666666666,0.05797488312148081,0.1086536156515144,2,torso,0.3183862909836489,0.1369861975591237,2,torso,0.2446043165467626,MIXED
hJQgFDsAms4,9.9099,11.378033333333333,1.4681333333333333,319,0.9342666666666667,,,0,,,,0,,0.32142857142857145,MIXED
hJQgFDsAms4,11.745066666666666,15.9159,4.170833333333333,414,3.636966666666667,0.23296551533292556,0.32318536930360287,2,hand,0.8054005399985393,0.46899930413538765,2,hand,0.6330275229357798,MIXED
hJQgFDsAms4,23.590233333333334,25.859166666666667,2.2689333333333335,741,1.7350666666666668,0.47157328903491874,0.20878776545969713,2,torso,0.10442432434864593,0.0893397969550922,2,torso,0.4807692307692308,MIXED
iOEZ3i9rgYM,4.838166666666667,7.007000000000001,2.168833333333333,177,1.6349666666666667,0.2627107686308416,0.1678150894108239,1,torso,0.7265294650139109,0.30685561407143647,2,torso,0.04081632653061224,ROLL
iOEZ3i9rgYM,9.743066666666667,11.745066666666666,2.0020000000000002,322,1.4681333333333333,0.3808837145433426,0.1629268333368133,1,leg,0.325290535358049,0.1464560541424608,1,torso,0.0,MIXED
iOEZ3i9rgYM,13.2132,14.7147,1.5015,418,0.9676333333333333,0.032329034585905546,0.15806980290490102,1,torso,0.04850093853963846,0.16784342901943367,1,torso,0.06896551724137931,MIXED
iOEZ3i9rgYM,17.484133333333332,19.152466666666665,1.6683333333333334,549,1.1344666666666667,0.23160600356406072,0.13641521679161933,1,torso,0.3691311847879811,0.18359029205496008,1,torso,0.14705882352941177,MIXED
iOEZ3i9rgYM,19.7197,23.790433333333333,4.070733333333333,652,3.5368666666666666,1.0247129720124823,0.349616262289474,1,hand,1.0907748289637862,0.1912996845649203,2,torso,0.8867924528301887,MIXED
iOEZ3i9rgYM,35.80243333333333,38.338300000000004,2.5358666666666667,1111,2.0020000000000002,0.8560137381362506,0.19691516035087173,1,hand,0.8210010663382726,0.14693970657316396,1,hand,0.85,MIXED
iOEZ3i9rgYM,38.638600000000004,44.344300000000004,5.7057,1243,5.171833333333334,0.18201178461866815,0.211973413310368,3,hand,0.3258195409614218,0.21730283635961842,3,torso,0.49032258064516127,ROLL
iOEZ3i9rgYM,45.67896666666667,50.68396666666667,5.005,1444,4.471133333333333,0.4088402667185441,0.7344271641488518,2,torso,0.47481347314031386,0.24579323332892544,2,torso,0.05970149253731343,MIXED
iOEZ3i9rgYM,57.857800000000005,59.526133333333334,1.6683333333333334,1759,1.1344666666666667,0.17411025055458135,0.15683111086992435,1,torso,0.2831255019072203,0.19079035885286363,2,torso,0.0,MIXED
kxztAr2tQmE,10.677333333333333,15.1151,4.437766666666667,386,3.9039,0.5476935983797654,0.3861104869283479,3,torso,0.21839702177276765,0.43240510534205145,2,hand,0.5042735042735043,ROLL
kxztAr2tQmE,15.949266666666666,18.051366666666667,2.1021,509,1.5682333333333334,0.2671769560713602,0.3072873251538263,1,hand,0.516044711890806,0.41978614512480783,1,hand,0.6170212765957447,MIXED
kxztAr2tQmE,37.3373,40.974266666666665,3.636966666666667,1173,3.1031,0.4471365293791097,0.31357700655958376,1,torso,1.2067069265500996,0.5713699341495966,2,foot,0.053763440860215055,ROLL
kxztAr2tQmE,43.676966666666665,47.08036666666667,3.4034,1360,2.8695333333333335,0.49505262242900555,0.32594396307775764,1,hand,0.10309254833323636,0.3093903737251912,2,hand,0.8372093023255814,MIXED
kxztAr2tQmE,57.99126666666667,59.99326666666667,2.0020000000000002,1768,1.4681333333333333,0.7035988346621304,0.3419456225318544,3,torso,0.21369875965257687,0.19672087054851167,2,torso,0.20454545454545456,ROLL
swmrAJkYrlY,2.3065351830185525,4.412502089252883,2.1059669062343307,100,1.5711181681430721,0.5098460526630524,0.4322930756747267,1,torso,0.7700954282492732,0.35873913761305587,1,torso,0.1702127659574468,ROLL
swmrAJkYrlY,56.72739428380412,59.63563429717533,2.9082400133712185,1740,2.37339127527996,0.680685923937134,0.5231551828764661,2,hand,1.2876945135753353,0.4287590972064218,1,torso,0.323943661971831,ROLL
swmrAJkYrlY,66.15410329266254,68.89520307538025,2.7410997827177,2020,2.2062510446264416,0.08972342386303198,0.4190363491790338,2,hand,1.7393004336056421,0.5256968647998848,3,foot,0.42424242424242425,ROLL
swmrAJkYrlY,88.81831856927963,90.55657696807621,1.7382583987965905,2683,1.2034096607053317,,,0,,,,0,,0.3888888888888889,MIXED
swmrAJkYrlY,103.79408323583486,105.63262577302358,1.8385425371887014,3132,1.3036937990974429,0.373275503837609,0.10665889478662952,1,hand,0.06525695766066766,0.07580203968336309,1,hand,0.7692307692307693,MIXED
swmrAJkYrlY,107.30402807955875,110.21226809292997,2.9082400133712185,3253,2.37339127527996,0.8151096470356926,0.49246999444124084,1,arm,0.9026562269338113,0.4452408254987866,3,hand,0.676056338028169,ROLL
swmrAJkYrlY,120.30753802440248,121.84522814641484,1.5376901220123684,3622,1.0028413839211099,,,0,,,,0,,0.06666666666666667,MIXED
swmrAJkYrlY,122.24636469998329,125.38860103626943,3.1422363362861443,3704,2.6073875981948857,0.66414064821535,0.09129154925464372,1,arm,0.5608505216138259,0.03903863436512925,1,hand,0.9615384615384616,MIXED
swmrAJkYrlY,126.62543874310546,128.33026909577134,1.7048303526658868,3813,1.1699816145746282,0.5526733389193477,0.37285510684358714,2,torso,0.886240435117278,0.4584047546726796,0,torso,0.2857142857142857,ROLL
swmrAJkYrlY,131.60621761658032,134.3138893531673,2.7076717365869967,3977,2.172822998495738,0.3654358194261385,0.03845137316155363,1,torso,0.29608941354784957,0.03576264722092178,2,torso,0.18461538461538463,MIXED
swmrAJkYrlY,143.87431054654857,147.65167975931809,3.7773692127695138,4360,3.242520474678255,0.09242026762394552,0.16651721724182925,2,torso,0.4011165043109376,0.17611207549708985,2,hand,0.865979381443299,MIXED
swmrAJkYrlY,154.37071703158952,158.04780210596692,3.677085074377403,4673,3.1422363362861443,0.12367482838140016,0.12708329468442883,2,torso,0.0378078445823353,0.09614721372118801,2,hand,0.5106382978723404,GRIP
swmrAJkYrlY,162.32659201069697,166.83937823834196,4.512786227644995,4923,3.9779374895537356,0.5747896230762075,0.22508443103172981,3,arm,0.2529170916300727,0.17539932059486546,2,hand,0.5798319327731093,ROLL
swmrAJkYrlY,178.10462978438912,187.029918101287,8.925288316897877,5461,8.39043957880662,0.6946833003653108,0.3082538371985522,2,hand,0.5796525941777237,0.23863673487628412,1,torso,0.5378486055776892,MIXED
swmrAJkYrlY,188.40046799264584,190.53986294501087,2.139394952365034,5668,1.6045462142737756,0.17317379814189912,0.10866314444038691,2,hand,0.16024745374686739,0.11527966764681036,1,hand,0.9166666666666666,GRIP
zQRF2sLK1vY,4.8048,11.8118,7.007000000000001,249,6.473133333333333,0.22795608009875243,0.23682070625197393,2,torso,0.41685655317826975,0.2238493457363506,1,torso,0.15463917525773196,MIXED
zQRF2sLK1vY,13.3133,17.350666666666665,4.037366666666666,459,3.5035000000000003,0.6055521285181317,0.3753384377417606,1,torso,0.42991602972756915,0.3554382437324687,2,torso,0.24761904761904763,ROLL
zQRF2sLK1vY,18.6186,20.186833333333333,1.5682333333333334,581,1.0343666666666667,0.24337035036132204,0.13011860718078128,1,torso,0.09885030826698064,0.09504571414233806,1,torso,0.03225806451612903,MIXED
zQRF2sLK1vY,36.36966666666667,38.8388,2.469133333333333,1127,1.9352666666666667,0.41561539565186845,0.26291275300741124,2,head,1.5882056146546264,0.2610423545862581,1,torso,0.13793103448275862,ROLL
zQRF2sLK1vY,39.37266666666667,41.67496666666667,2.3023000000000002,1214,1.7684333333333333,0.4551589109122251,0.18983882978450387,1,foot,1.4263989304193778,0.3555076881883424,1,foot,0.03773584905660377,ROLL
zQRF2sLK1vY,51.051,52.519133333333336,1.4681333333333333,1552,0.9342666666666667,,,0,,,,0,,0.03571428571428571,MIXED
zQRF2sLK1vY,54.120733333333334,55.822433333333336,1.7017,1647,1.1678333333333333,0.40030852139427087,0.22281239621911159,1,torso,0.17353910587580068,0.2145777645654407,1,torso,0.17142857142857143,MIXED
Rc9vIJt00vs,17.7177,19.86985,2.1521500000000002,1126,1.5849166666666668,0.9364697711843026,0.4015434739947628,1,torso,0.4474428785787493,0.3500424268712609,1,hand,0.7157894736842105,MIXED
Rc9vIJt00vs,24.641283333333334,26.893533333333334,2.25225,1544,1.6850166666666666,0.3913167571138732,0.24227675166116763,1,torso,1.397784778198529,0.3161925301888415,2,hand,0.297029702970297,ROLL
Rc9vIJt00vs,36.28625,38.17146666666667,1.8852166666666668,2231,1.3179833333333333,,,0,,,,0,,0.012658227848101266,MIXED
Rc9vIJt00vs,45.32861666666667,48.915533333333336,3.5869166666666668,2824,3.0196833333333335,0.7987041787170148,0.4016415437031179,1,torso,0.522308970426851,0.29645399501703285,1,torso,0.143646408839779,ROLL
Rc9vIJt00vs,65.53213333333333,67.3673,1.8351666666666666,3983,1.2679333333333334,0.47606657517864975,0.2242108031020233,1,torso,0.33344684026417964,0.18808974293052286,1,torso,0.07894736842105263,MIXED
vinlwkaIW4c,0.4166666666666667,3.375,2.9583333333333335,45,2.375,1.1123607335258252,0.676976289313826,3,torso,1.128693554364606,0.699730794899564,2,foot,0.07017543859649122,ROLL
vinlwkaIW4c,36.5,38.708333333333336,2.2083333333333335,902,1.625,0.48812452241580545,0.20210707684166257,3,hand,0.43419500926172594,0.13434743477519623,1,hand,0.6153846153846154,ROLL
vinlwkaIW4c,68.25,72.08333333333333,3.8333333333333335,1684,3.25,0.31960539363378443,0.32296660824065493,2,hand,0.07648111415369215,0.30600524623704617,2,hand,0.6025641025641025,MIXED
vinlwkaIW4c,78.70833333333333,82.54166666666667,3.8333333333333335,1935,3.25,0.1799546125491028,0.27200620193517,1,torso,0.518109992458924,0.49426956528105664,1,torso,0.15384615384615385,MIXED
vinlwkaIW4c,87.41666666666667,89.16666666666667,1.75,2119,1.1666666666666667,0.13577793741294303,0.1633866279218874,1,torso,0.23777221378353114,0.19855681444878587,1,torso,0.21428571428571427,MIXED
kMkJpfUGZz8,16.082733333333334,18.651966666666667,2.5692333333333335,520,2.0353666666666665,0.29357645778750757,0.30379451491499254,2,torso,0.2286328394665209,0.26902125771952307,2,hand,0.39344262295081966,MIXED
kMkJpfUGZz8,30.897533333333335,32.66596666666667,1.7684333333333333,952,1.2345666666666666,0.5525777523516849,0.28821309385023797,2,hand,0.48596713363576843,0.315069524340584,1,torso,0.6216216216216216,MIXED
kMkJpfUGZz8,39.87316666666667,43.977266666666665,4.1041,1256,3.5702333333333334,0.3260472613995883,0.38420797811084195,2,torso,0.6102405009948666,0.42952189515460437,3,torso,0.32710280373831774,ROLL
kMkJpfUGZz8,48.6486,50.116733333333336,1.4681333333333333,1480,0.9342666666666667,,,0,,,,0,,0.42857142857142855,MIXED
kMkJpfUGZz8,51.484766666666665,57.190466666666666,5.7057,1628,5.171833333333334,0.6546089434829686,0.355379647644369,2,torso,1.412144768048372,0.4361471876517291,4,hand,0.3935483870967742,ROLL
ZfdejcO5Sqw,2.0854166666666667,4.421083333333333,2.3356666666666666,78,1.75175,0.48389717970932633,0.18756595805432258,2,arm,0.18114249078481437,0.06316314729374721,1,hand,0.8809523809523809,MIXED
ZfdejcO5Sqw,14.931583333333332,16.975291666666667,2.043708333333333,382,1.4597916666666666,0.2303669560344761,0.09242237093532252,1,arm,0.2666604926981086,0.08831428941145336,2,hand,0.7142857142857143,MIXED
ZfdejcO5Sqw,30.07170833333333,33.5335,3.4617916666666666,762,2.877875,1.140248803657065,0.49214990242069845,1,torso,1.0859217107793548,0.7603932594661266,2,hand,0.43478260869565216,ROLL
ul2LMUIuwno,0.0,6.715041666666666,6.715041666666666,80,6.131125,0.917374294371175,0.20172799583187875,3,torso,0.26755588862144947,0.19177150985396058,1,torso,0.3945578231292517,ROLL
ul2LMUIuwno,8.800458333333333,10.593916666666665,1.7934583333333332,232,1.2095416666666665,0.043097613138814606,0.15091846544657223,1,torso,0.2997704346253309,0.18067247026206273,0,leg,0.27586206896551724,MIXED
ul2LMUIuwno,10.927583333333333,20.145125,9.217541666666666,372,8.633624999999999,0.4717473261808362,0.22940629543453606,4,torso,0.6196651248136239,0.26807487572829813,4,torso,0.30917874396135264,ROLL
ul2LMUIuwno,34.74304166666666,38.70533333333333,3.9622916666666663,880,3.3783749999999997,0.68873789651679,0.2937345934352248,1,torso,0.8073647328118457,0.2402558891044816,1,torso,0.13580246913580246,ROLL
