video,n_frames,contact_frac,scale_range_log,scale_AB_corr,peak_lag_s,peak_r,r_lag0,circ_r_obs,circ_p,circ_z,local_r_obs,local_p,local_z,low_<0.5Hz_r_obs,low_<0.5Hz_p,low_<0.5Hz_z,mid_0.5-1.5Hz_r_obs,mid_0.5-1.5Hz_p,mid_0.5-1.5Hz_z,high_>1.5Hz_r_obs,high_>1.5Hz_p,high_>1.5Hz_z,scale_partial_r_obs,scale_partial_p,scale_partial_z,local_bl_r_obs,local_bl_p,local_bl_z,cam_partial_r_obs,cam_partial_p,cam_partial_z,free_n,contact_r_obs,contact_p,contact_z,contact_n,contact_lag_s,has_audio,audio_A_r,audio_A_p,audio_B_r,audio_B_p,audio_partial_r_obs,audio_partial_p,audio_partial_z,bounce_circ_r_obs,bounce_circ_p,bounce_circ_z,dist_0.35-1bl_n,dist_1-2bl_n,dist_2-infbl_n,free_r_obs,free_p,free_z,free_lag_s,free_local_r_obs,free_local_p,free_local_z,free_audio_partial_r_obs,free_audio_partial_p,free_audio_partial_z,bounce_free_r_obs,bounce_free_p,bounce_free_z,bounce_free_n,dist_2-infbl_r_obs,dist_2-infbl_p,dist_2-infbl_z,free_local_bl_r_obs,free_local_bl_p,free_local_bl_z,dist_0.35-1bl_r_obs,dist_0.35-1bl_p,dist_0.35-1bl_z,dist_1-2bl_r_obs,dist_1-2bl_p,dist_1-2bl_z,setting,source_group,pair_ok,true_abs_r,pseudo_median,pseudo_95,p_pseudo,n_pseudo
65S9nuRzK4Q,621,0.45363686840644085,0.8506401043398668,0.8370013469379973,-1.7333333333333334,0.2705497975721248,0.09956711109075254,0.2705497975721248,0.20359281437125748,1.1478162250137702,0.2705497975721248,0.3932135728542914,0.30395950141479744,,,,,,,,,,0.2755981845127503,0.16766467065868262,1.3706795383247963,0.31647235918247074,0.09580838323353294,1.9369351768907301,0.18801825956094165,0.716566866267465,-0.709838395893129,112,0.3964410405746267,0.40718562874251496,0.13929446143760943,493,-1.7666666666666666,True,0.13650200440778262,0.3413173652694611,0.16147406080089827,0.405189620758483,0.2630178844560043,0.20359281437125748,1.0694500987618305,0.21524134765236244,0.4491017964071856,0.08524063907133063,77,14,13,,,,,,,,,,,,,,,,,,,,,,,,,,,duet_bystanders,65S9nuRzK4Q,no,0.25365718025199213,0.1937784992400131,0.31574047797748134,0.1951219512195122,40
QdKZlryJ4HY,463,0.19120586275816123,1.081961655679267,0.9026427158859205,-1.96,0.22638303224143352,0.1757155620256746,0.22638303224143352,0.6347305389221557,-0.4472863711200436,0.22638303224143352,0.7604790419161677,-0.8182626095454415,,,,,,,,,,-0.18243132995857217,0.8822355289421158,-1.3389198452865223,-0.14300144637909495,0.9940119760479041,-2.466726190329249,-0.22977854066456885,0.9241516966067864,-1.5613186720488268,283,,,,173,,True,-0.15697018579554506,0.4550898203592814,-0.161307333947282,0.4550898203592814,0.22857865307156983,0.5528942115768463,-0.14003830538104053,0.28151824494758615,0.3373253493013972,0.5414457549632383,0,11,259,,,,,,,,,,,,,,,,,,,,,,,,,,,duet_bystanders,QdKZlryJ4HY,no,0.22638303224143352,0.18836976941609263,0.30865146508069574,0.24390243902439024,40
Rc9vIJt00vs,1680,0.3953660797034291,0.6670590782227235,0.7755437254139804,0.0,0.420350802246737,0.420350802246737,0.420350802246737,0.001996007984031936,5.815765381971191,0.420350802246737,0.001996007984031936,4.37028471674196,-0.7683809326825708,0.3693181818181818,-0.10691126723577984,0.7157773635639535,0.32954545454545453,0.07308034359124004,0.2374686120563043,0.8295454545454546,-1.0526261109463886,0.4071314087635894,0.001996007984031936,5.777142231911014,0.3772767094724063,0.001996007984031936,3.2944388648774656,0.33766696273085456,0.001996007984031936,5.094462921515019,254,0.40628342668021983,0.027944111776447105,2.6127115219535817,1416,0.0,True,0.34227474593329954,0.05389221556886228,0.18886549122390484,0.26147704590818366,0.3266278038921187,0.001996007984031936,4.876908058148394,0.20202155665605465,0.1497005988023952,1.1223256413076799,211,21,10,,,,,,,,,,,,,,,,,,,,,,,,,,,duet,Rc9vIJt00vs,partial,0.4139397626985267,0.16900631325614396,0.34843055183077304,0.04878048780487805,40
X-7izu2QpqA,856,0.0,0.8744133154658167,0.7436402343628712,0.0,0.16740138624633033,0.16740138624633033,0.16740138624633033,0.530938123752495,0.03707723434366196,0.16740138624633033,0.249500998003992,0.8946681766353526,0.09385598284172832,0.7145708582834331,-0.7000396771323805,-0.09079089486752356,0.7724550898203593,-1.017304064316755,-0.11295142846157599,0.6826347305389222,-0.7491150199964699,0.17676138117064044,0.42714570858283435,-0.14505757036071637,0.6233227805736063,0.1206896551724138,1.6237260709428378,0.11911199156741005,0.8662674650698603,-0.9425502933091939,851,,,,0,,True,0.22159684744825495,0.033932135728542916,-0.15567636010636285,0.6826347305389222,0.16587655881994356,0.47904191616766467,-0.09199261945873105,0.14123285051654258,0.48902195608782434,-0.3000202571553553,9,75,764,0.1672316853182567,0.6986027944111777,-0.4712329605289266,0.0,0.1672316853182567,0.624750499001996,-0.07243701516225078,0.1655557287041449,0.6866267465069861,-0.49239368276781864,0.14092331812342476,0.7065868263473054,-0.6901510432304939,851.0,0.17612925130409388,0.7544910179640718,-0.6125471339122776,,,,,,,,,,jam,X-7izu2QpqA,not_reviewed,0.16740138624633033,0.15009604213492822,0.3303292479392719,0.34146341463414637,40
ci_duet_sample,231,0.42,0.6083112989516586,0.6656078753411404,0.0,0.39707079592995437,0.39707079592995437,0.39707079592995437,0.4590818363273453,0.4175869275388166,0.39707079592995437,0.4630738522954092,0.35076640830910716,-0.7149496383845617,0.7051282051282052,-0.5261555582678431,0.9089358669240633,0.06837606837606838,2.153877403039208,0.8551513713911139,0.004273504273504274,4.524361464142941,0.3712187797150632,0.5109780439121756,0.19515512763443094,0.5593996306331438,0.001996007984031936,2.933237575400861,0.36990789051643014,0.5169660678642715,-0.20086254564452236,32,,,,192,,True,0.12695887282748894,0.8822355289421158,-0.24160540218851662,0.41317365269461076,0.372707765910265,0.48902195608782434,0.22513908115971806,-0.6284757270354131,0.001996007984031936,8.250158741277588,16,2,10,,,,,,,,,,,,,,,,,,,,,,,,,,,jam,cellist_performance,not_reviewed,0.39222171930289784,0.2629539616207466,0.44206586178839147,0.16216216216216217,36
dGPRMNAECKM,771,0.45611111111111113,1.0918424649022924,0.879768350363567,0.5672333333333334,0.5147776452500558,0.3202662546092981,0.5147776452500558,0.001996007984031936,6.061320465475608,0.5147776452500558,0.001996007984031936,2.8140992475945845,0.8444489347668618,0.19161676646706588,1.240747286969255,-0.3753763078542536,0.6866267465069861,-0.3667875095462398,0.42612411624907703,0.2874251497005988,0.7025501832393424,0.3409269127352709,0.001996007984031936,5.271211607405146,0.319374929441451,0.001996007984031936,2.450142974203355,0.2516829142391347,0.001996007984031936,3.137905326956359,104,0.5037766506642083,0.059880239520958084,2.2310320161477266,667,-1.1011,True,0.18779214019585433,0.4431137724550898,0.25902044889104636,0.09780439121756487,0.49782342674515795,0.001996007984031936,7.4132423053944025,-0.21150000064341737,0.031936127744510975,1.8189242935057204,90,5,0,,,,,,,,,,,,,,,,,,,,,,,,,,,duet,dGPRMNAECKM,partial,0.49617249715463996,0.19915761960782288,0.34655314067712795,0.024390243902439025,40
exploration_video,4501,0.0708803611738149,0.9330313344451948,0.09286402704102802,0.0,0.27024453940535953,0.27024453940535953,0.27024453940535953,0.001996007984031936,12.629011619854714,0.27024453940535953,0.001996007984031936,19.098899422622807,0.11920467216659086,0.9600798403193613,-1.5024546571610216,0.15480718251877087,0.8802395209580839,-1.1934029815230536,0.2831971436278743,0.001996007984031936,4.859937052248763,0.26600880405312655,0.001996007984031936,14.864667864023506,0.24453960902392166,0.001996007984031936,11.556191121824437,0.13033081551080677,0.001996007984031936,3.926265047486161,4093,0.5089077150873959,0.4351297405189621,0.14939595252811688,391,1.8018,True,0.047992562246164355,0.782435129740519,0.13242240344274614,0.17764471057884232,0.2600298000499607,0.001996007984031936,12.1631147195533,0.2532989893145324,0.001996007984031936,16.67030005407273,606,1300,2117,0.2601863119932553,0.001996007984031936,11.48427012977836,0.0,0.2601863119932553,0.001996007984031936,16.032093457996236,0.24764575769298028,0.001996007984031936,10.935748078950196,0.26386865665732373,0.001996007984031936,11.704259751505095,4093.0,0.19439865871751583,0.021956087824351298,2.326188983778153,0.2341719007142568,0.001996007984031936,7.735966741326772,0.4136249569072217,0.2375249500998004,0.5742426445001881,0.3837039092005588,0.011976047904191617,3.71131679818357,jam,exploration_video,not_reviewed,0.2719605150060602,0.12576163170097596,0.20776119154447967,0.04878048780487805,40
f1o6FJL8bxM,1049,0.5516666666666666,0.3768558517434544,0.11583446885637638,0.0,0.24351131596974623,0.24351131596974623,0.24351131596974623,0.08383233532934131,1.7912573742200577,0.24351131596974623,0.001996007984031936,2.110402979616609,0.7933658079138308,0.031936127744510975,2.6972156616214535,0.6255052324860428,0.001996007984031936,2.7374845173005538,-0.4090542327999583,0.001996007984031936,5.3786722067595205,0.1938837072754345,0.17365269461077845,0.78298303441288,0.2661969113640653,0.0998003992015968,1.9881597404075877,0.3673875540394028,0.001996007984031936,2.5922827919538856,233,0.4213033125060511,0.003992015968063872,4.510542205961295,796,0.8008000000000001,True,-0.16017526363435938,0.405189620758483,0.0633593234885304,0.8502994011976048,0.24948508533153946,0.08383233532934131,2.0597192453589384,-0.13673857062624006,0.469061876247505,-0.05857054433228695,123,99,0,,,,,,,,,,,,,,,,,,,,,,,,,,,jam,f1o6FJL8bxM,not_reviewed,0.2613799727966459,0.16510926630148054,0.2580108182118227,0.07317073170731707,40
hJQgFDsAms4,664,0.38555555555555554,0.5990481657238611,0.7292886251026709,1.4014,0.3233227429874264,0.16723856484402122,0.3233227429874264,0.001996007984031936,3.242014500620017,0.3233227429874264,0.001996007984031936,1.7629090624262456,0.6124665895166336,0.45294117647058824,0.15288143003636095,0.6823566801145697,0.17352941176470588,0.7724639712797832,0.4276805796055912,0.27647058823529413,0.5304980689814695,0.24310743256470138,0.04790419161676647,1.517490958070631,0.2303873887762645,0.1157684630738523,1.2503342860460762,0.2953094281369299,0.001996007984031936,3.2705159439969953,132,0.32384232146402575,0.3652694610778443,-0.009628262425184443,520,0.10010000000000001,True,0.13325974866613072,0.564870259481038,0.29926774356179875,0.06387225548902195,0.32816680541756266,0.001996007984031936,4.115530409064027,0.31923525348817,0.001996007984031936,3.5445974145550534,55,22,43,,,,,,,,,,,,,,,,,,,,,,,,,,,duet,hJQgFDsAms4,yes,0.34767781278505766,0.17285249193768384,0.2611042431773727,0.07317073170731707,40
iOEZ3i9rgYM,863,0.5494444444444444,0.8070761732512111,0.8030002435033596,-1.9686333333333335,0.20516217882929028,0.0879068574315813,0.20516217882929028,0.1497005988023952,1.4548925849401573,0.20516217882929028,0.3373253493013972,0.7700447780652369,0.3907869491577467,0.4530938123752495,0.17298325882282448,0.35108179064752876,0.5788423153692615,-0.0410679257234129,-0.2243508821869272,0.2934131736526946,0.33936116778480224,0.2093734221664471,0.1497005988023952,1.4057744822633305,0.17927629252503904,0.15169660678642716,0.04063291441325823,0.22036834757766474,0.14770459081836326,1.5864873147130105,40,0.25929277634905434,0.24151696606786427,0.6241785641447177,820,-0.13346666666666668,True,0.1764352183635792,0.22954091816367264,0.30123191070283734,0.08582834331337326,0.1776849138691011,0.18562874251497005,0.6191918854260126,-0.1668879582705554,0.2754491017964072,0.40260518871524487,31,0,0,,,,,,,,,,,,,,,,,,,,,,,,,,,duet,iOEZ3i9rgYM,partial,0.20783571765063177,0.16276431049115844,0.2635508010863669,0.24390243902439024,40
iYdwYBTa4Kk,684,0.16455696202531644,1.5142029643017167,0.7913402241561092,-0.04,0.5184665903227247,0.4910577598618254,0.5184665903227247,0.001996007984031936,3.224083634183058,0.5184665903227247,0.001996007984031936,2.6574427869812927,0.8528762938179446,0.1553672316384181,1.26617775641294,0.861062457405543,0.0480225988700565,1.2112450490144417,0.8160254458054044,0.002824858757062147,1.7447863559371393,0.49250664231933583,0.001996007984031936,3.258645258604127,0.3981648421507277,0.0998003992015968,1.2114308417652235,0.4689555565126384,0.001996007984031936,2.6957700652177707,501,,,,180,,True,0.23238200707452475,0.1437125748502994,0.2078893948184792,0.5548902195608783,0.512077028626523,0.001996007984031936,3.218041004301034,-0.20115686353244291,0.5808383233532934,-0.16017883058522883,24,3,472,0.6789473980794839,0.05788423153692615,1.6871566800667046,0.0,0.6789473980794839,0.19161676646706588,0.8908578398712915,0.669746705240509,0.05788423153692615,1.7123830719503608,0.7888070750296992,0.021956087824351298,2.202493723185452,501.0,0.6928811065884707,0.02594810379241517,1.939227510439451,,,,,,,,,,jam,iYdwYBTa4Kk,not_reviewed,0.5184665903227247,0.21096182439702343,0.4031568551809511,0.024390243902439025,40
ibiza_ci,3279,0.20813817330210774,1.2455968458045277,0.7672473613619665,0.0,0.2557714050708984,0.2557714050708984,0.2557714050708984,0.001996007984031936,7.03597697433256,0.2557714050708984,0.001996007984031936,17.193384897780817,0.23856274739843478,0.001996007984031936,3.5665080537791467,-0.12636880010688137,0.249500998003992,0.28346586245801025,0.1889418941320641,0.001996007984031936,7.263075476485059,0.23967928155817733,0.001996007984031936,6.759162454247557,0.1961681035863454,0.041916167664670656,3.041819061269469,0.186212665082145,0.001996007984031936,3.760633574013145,2604,0.23194892511039147,0.7744510978043913,-0.7790667225806168,670,-0.0833567525370804,True,0.21065174890994248,0.017964071856287425,0.1673518927531051,0.0499001996007984,0.22479313529087802,0.001996007984031936,5.469437259580148,-0.07569130009342104,0.469061876247505,-0.05084306566396525,699,764,1102,0.2717010041910996,0.001996007984031936,7.196848951693738,0.0,0.2717010041910996,0.001996007984031936,6.07581062206103,0.2410947177671068,0.001996007984031936,5.693729831291618,-0.0862934096932759,0.592814371257485,-0.33830646552692606,2604.0,0.5313420004790603,0.001996007984031936,4.6544395517850745,0.24146786211987836,0.007984031936127744,4.096128650295663,0.3033709650292723,0.3712574850299401,0.16182752956539792,-0.22503658125286974,0.7465069860279441,-0.7062250051061812,jam,ibiza,not_reviewed,0.25925504956415796,0.13624502920550988,0.23766859081776695,0.07317073170731707,40
kxztAr2tQmE,704,0.3811111111111111,0.3900072817950404,0.7366128484457468,-0.06673333333333334,0.40382142708000013,0.3928092558375711,0.40382142708000013,0.001996007984031936,2.6275149847895607,0.40382142708000013,0.001996007984031936,4.334848152477453,0.7067757140583313,0.23353293413173654,0.8687272379536933,0.7017378457905208,0.09580838323353294,1.659336686481215,-0.23504587120482234,0.5588822355289421,-0.18007387376104528,0.40119304399542965,0.001996007984031936,2.4586476301543847,0.38025634957845716,0.09780439121756487,1.955343550715781,0.3851227138522017,0.001996007984031936,2.5487283306751123,198,0.3851651273152272,0.5788423153692615,-0.1974753195594271,500,-0.10010000000000001,True,0.1128439393214249,0.9221556886227545,0.20770965241470352,0.3013972055888224,0.3930952872386683,0.09580838323353294,2.427949643485972,0.49148431979856133,0.001996007984031936,4.7278662737317365,64,44,82,,,,,,,,,,,,,,,,,,,,,,,,,,,duet,kxztAr2tQmE,yes,0.41616811095479644,0.19450583345753492,0.3033934966288041,0.04878048780487805,40
oB8MuarHT8E,716,0.22318454363757495,1.3571584592817656,0.8151284189547843,0.0,0.19556378748197503,0.19556378748197503,0.19556378748197503,0.43912175648702595,-0.10334594683654579,0.19556378748197503,0.41317365269461076,0.02764694346471958,0.38042892225258473,0.9041916167664671,-1.2307939063138034,0.3426776845275003,0.8562874251497006,-1.1568883589577876,0.46200850815019723,0.3333333333333333,0.6336874843549345,0.21355935410138313,0.6746506986027944,-0.5554524583067242,0.21577953142245865,0.6646706586826348,-0.5701317878050756,0.20419073587232547,0.7944111776447106,-1.1183988444752853,480,,,,228,,True,0.13985169228483882,0.5269461077844312,-0.12290263753554678,0.43313373253493015,0.19749724820869122,0.46506986027944114,-0.004689440080964499,-0.11851432344067417,1.0,-1.6132873707706488,84,161,222,0.20578780363040847,0.8283433133732535,-1.1021712362312568,0.0,0.20578780363040847,0.8502994011976048,-1.050751511131658,0.20602080712448803,0.844311377245509,-1.1472473253838742,0.23929531788471997,0.8942115768463074,-1.0869106361909286,480.0,,,,,,,,,,,,,jam,oB8MuarHT8E,not_reviewed,0.19556378748197503,0.1832262947631731,0.2918234031496533,0.36585365853658536,40
public_ci_video,2575,0.23864959254947612,0.7916695039263759,0.10866516212428771,0.0,0.28929970490288204,0.28929970490288204,0.28929970490288204,0.001996007984031936,8.748576977866481,0.28929970490288204,0.001996007984031936,11.966729809772303,-0.15657928414457742,0.7105788423153693,-0.6514159544357541,0.2037068470476385,0.18962075848303392,0.7129774939718296,0.3185320862443949,0.001996007984031936,10.229322259976442,0.2887921989473715,0.001996007984031936,9.50484460793607,0.25435703822945316,0.001996007984031936,5.831862069555783,0.1879091797382956,0.001996007984031936,2.612256078226672,1867,0.32343786585663126,0.3033932135728543,0.3993369536826087,663,-0.03333333333333333,True,-0.06284345450485693,0.8642714570858283,0.08550796016467722,0.5728542914171657,0.2825138716093801,0.001996007984031936,8.131356703845722,0.17717558754698892,0.001996007984031936,4.894931944297102,722,577,503,0.2798644625368378,0.001996007984031936,4.409761692749958,0.0,0.2798644625368378,0.001996007984031936,3.651978724233461,0.2658915754239314,0.001996007984031936,4.0447331348209845,0.20714197397557,0.03592814371257485,2.0807945311385954,1867.0,0.555414853174909,0.03592814371257485,2.0888919485680604,0.25046554484971073,0.017964071856287425,2.657121444189584,0.4562276381106118,0.05788423153692615,1.8634044529907858,0.4893450365041861,0.35728542914171657,0.28686947980520516,jam,cellist_performance,not_reviewed,0.28623731411064307,0.1521285564161843,0.22436079354984764,0.02702702702702703,36
swmrAJkYrlY,3443,0.3757894736842105,0.8201204372739594,0.8608649531708206,0.0,0.33670541786415065,0.33670541786415065,0.33670541786415065,0.001996007984031936,7.884222151380402,0.33670541786415065,0.001996007984031936,12.014131501375664,0.20480291424863323,0.5429141716566867,-0.23293386294972127,-0.2972081643596992,0.18363273453093812,1.2188086304285843,-0.26408680042014687,0.13373253493013973,1.6182739330501152,0.33445762892809094,0.001996007984031936,7.896904867930763,0.35875504520293844,0.001996007984031936,7.851892858534393,0.3373077846666139,0.001996007984031936,7.785693264358882,1820,0.43035404318379766,0.013972055888223553,3.718060440593691,1606,0.0,True,0.18526283743703842,0.001996007984031936,0.13519798922915555,0.14570858283433133,0.3219123349790522,0.001996007984031936,7.915884333004297,0.1416559094765966,0.03592814371257485,2.3926606041540355,422,166,1212,0.2155493914089716,0.2055888223552894,0.6419434974859565,-0.13371218452281464,0.2155493914089716,0.3473053892215569,-0.055471409664959635,0.18281080909182576,0.35528942115768464,0.18335226960850956,0.2508604305142131,0.00998003992015968,3.0131748393864433,1820.0,0.2099910757595955,0.35728542914171657,0.11497265437445853,0.25182346033178277,0.16167664670658682,1.0046987652071522,0.868481067576972,0.017964071856287425,2.499541226776603,,,,duet_bystanders,swmrAJkYrlY,yes,0.3271196016124191,0.15207890691015968,0.3045561465050393,0.024390243902439025,40
user_ci_video,3094,0.1943247660080226,0.9294550410488327,0.3386024835160901,0.0667038082503838,0.11995707222778682,0.08765075620544785,0.11995707222778682,0.001996007984031936,2.5722158148196232,0.11995707222778682,0.001996007984031936,2.330529234474135,0.11030209760563701,0.9461077844311377,-1.1107813620902507,-0.08662061387652228,0.998003992015968,-1.6575561630242894,-0.13901710812250537,0.5588822355289421,-0.252434588141698,0.12202826598862383,0.011976047904191617,2.602903858103852,0.10263114950185444,0.2155688622754491,0.8704746647639319,0.09485081864788263,0.14171656686626746,1.1660437498732934,2207,0.4418602967369774,0.0658682634730539,1.6661144657141171,838,1.667595206259595,True,0.10630736965724621,0.28542914171656686,0.05947744223897554,0.6387225548902196,0.1175939051836438,0.001996007984031936,2.3869340324569,-0.10988790106551202,0.043912175648702596,2.290360571600607,533,1210,377,0.10545517668510039,0.6946107784431138,-0.5770438688391161,-1.8343547268855545,0.10545517668510039,0.42115768463073855,-0.012846567174854957,0.10278623389609072,0.6906187624750499,-0.6266440504027895,-0.12676173409301186,0.38323353293413176,0.1554304457422397,2207.0,0.7540829227779354,0.05588822355289421,1.7110812706413132,0.12111634966377278,0.49101796407185627,-0.16686540489287247,0.40905180785191986,0.6327345309381237,-0.4972703381264522,0.1493787342745708,0.780439121756487,-0.8612260676016341,jam,user_field,not_reviewed,0.12575018655289136,0.15288361064319295,0.36090954550366183,0.7073170731707317,40
vinlwkaIW4c,1018,0.4123091161499306,0.53837517419064,0.5855901116514713,0.6666666666666666,0.17497888349617371,0.1253927316038577,0.17497888349617371,0.32335329341317365,0.8213523140755196,0.17497888349617371,0.001996007984031936,2.891811991801252,0.5122802582994769,0.20359281437125748,1.1272078322189052,0.3304527324118215,0.3592814371257485,0.2446966928101844,-0.23366945164502279,0.18163672654690619,0.7211509722987307,0.17481996350454854,0.3213572854291417,0.855668128445976,0.2849212805207752,0.001996007984031936,3.992787869404162,0.17580168688354217,0.1936127744510978,0.9919570518151176,417,0.2957187322062991,0.37524950099800397,0.17093404390174544,588,1.5833333333333333,True,0.10915593548975984,0.590818363273453,0.09859498134035434,0.8423153692614771,0.17412361768814336,0.2435129740518962,0.7879598231670809,-0.34299887996259903,0.001996007984031936,4.376274730544742,202,76,105,0.5490333266557881,0.0658682634730539,1.795597522659407,1.625,0.5490333266557881,0.005988023952095809,2.5054456993303926,0.5668742749987159,0.05588822355289421,1.9854033613007769,0.4943868443905874,0.11177644710578842,1.3228618329804647,417.0,,,,0.6738783014916815,0.001996007984031936,2.908789908848481,,,,,,,duet,vinlwkaIW4c,partial,0.1644157740447641,0.15717362454271305,0.3198200560909392,0.4878048780487805,40
whole,4973,0.22767522137175447,0.8117573587072409,0.049039050613190686,0.0,0.3038845893777265,0.3038845893777265,0.3038845893777265,0.001996007984031936,16.736635014565557,0.3038845893777265,0.001996007984031936,16.075078780840144,0.34729097120963903,0.001996007984031936,4.931062059383669,0.41652561057374105,0.001996007984031936,6.187964713013772,0.4081482296852634,0.001996007984031936,17.78956332509556,0.3032288147697579,0.001996007984031936,15.954889245751943,0.2763988788194322,0.001996007984031936,12.620046757076901,0.2042175181398411,0.001996007984031936,6.522062899930276,3631,0.3521292202662842,0.011976047904191617,2.841190288367719,1277,0.0,True,-0.055200778788859546,0.624750499001996,-0.052074981980829854,0.7325349301397206,0.3003187069517634,0.001996007984031936,16.45476259474223,0.14132095500691352,0.001996007984031936,6.97152638712167,1331,1070,1104,0.2861592100896722,0.001996007984031936,10.43252056390815,0.0,0.2861592100896722,0.001996007984031936,10.853539391202663,0.282922565370615,0.001996007984031936,10.307392061532934,0.1431873670039292,0.00998003992015968,2.945219639045629,3631.0,0.32214278320434725,0.033932135728542916,2.2492199019130545,0.2623212982839469,0.001996007984031936,7.754065918581587,0.308680487659056,0.08782435129740519,1.592493766579023,0.39218422296729766,0.07584830339321358,1.671320112041497,jam,cellist_performance,not_reviewed,0.3089474698463545,0.139616722119542,0.22665693492434852,0.02702702702702703,36
yI_UKzqbrbw,1409,0.7003891050583657,1.5321280195768234,0.46045242088238264,0.0,0.42622476906705525,0.42622476906705525,0.42622476906705525,0.001996007984031936,4.78283561242592,0.42622476906705525,0.001996007984031936,5.233472117094111,0.7954505858628725,0.001996007984031936,4.338161467644923,0.5618898311458645,0.001996007984031936,4.688062770859141,-0.34269368082325,0.001996007984031936,2.9290944667081233,0.4385627408309947,0.001996007984031936,4.989402210467771,0.49379119880433386,0.001996007984031936,4.044828065026741,0.32841689776597627,0.08383233532934131,2.67733945400656,220,0.45386557822819285,0.001996007984031936,3.41319191350451,1189,0.0,True,0.4754934164480291,0.001996007984031936,0.3083658976800324,0.06786427145708583,0.35571277040740085,0.001996007984031936,4.494617716125785,0.3576427874093105,0.001996007984031936,2.850409508371427,123,26,64,,,,,,,,,,,,,,,,,,,,,,,,,,,duet,yI_UKzqbrbw,no,0.414679198905432,0.15595315241135432,0.25070693874292715,0.024390243902439025,40
zQRF2sLK1vY,910,0.44555555555555554,0.772131893161002,0.8484159245206401,0.0,0.4561263062829815,0.4561263062829815,0.4561263062829815,0.001996007984031936,7.445451048674504,0.4561263062829815,0.001996007984031936,3.3092018383017394,0.7424648723938181,0.007984031936127744,1.4090250008717387,-0.4870218426850773,0.27345309381237526,0.45197667218908333,-0.4848335586446846,0.16766467065868262,1.184668091618132,0.44137855319307145,0.001996007984031936,7.906970297270473,0.41933930054637425,0.001996007984031936,7.084877818446925,0.47402540394614,0.001996007984031936,8.021335992279969,229,0.48957442379632937,0.13373253493013973,1.392737225695749,665,0.0,True,-0.08680739528120557,0.7844311377245509,-0.09926502078314924,0.9321357285429142,0.4554318462546164,0.001996007984031936,7.630126734052251,0.33645914510190794,0.001996007984031936,2.7194200723340587,101,78,43,,,,,,,,,,,,,,,,,,,,,,,,,,,duet_bystanders,zQRF2sLK1vY,partial,0.45280163196088147,0.17391539889641197,0.32511784147192657,0.024390243902439025,40
