pair,level,sequence,jitter_bl,signal,peak_lag_s,peak_r,lead_index
1,beginner,Pair1_song1_take1,0.0,speed,-0.03333333333333333,0.2975737242966257,-0.17949600392226528
1,beginner,Pair1_song1_take1,0.0,bounce,0.1,0.2593987959876863,0.21670199551837693
1,beginner,Pair1_song1_take1,0.005,speed,0.03333333333333333,0.23254637707748196,0.07833923576432619
1,beginner,Pair1_song1_take1,0.005,bounce,0.13333333333333333,0.24795658297901935,0.2061940020512235
1,beginner,Pair1_song1_take1,0.02,speed,0.1,0.1715151281561514,0.05692299597735832
1,beginner,Pair1_song1_take1,0.02,bounce,0.06666666666666667,0.14987581455211524,0.10399913527007591
1,beginner,Pair1_song1_take2,0.0,speed,0.5666666666666667,-0.25839430882126746,-0.17945146443332494
1,beginner,Pair1_song1_take2,0.0,bounce,0.06666666666666667,0.2961964087357427,0.1472636948220199
1,beginner,Pair1_song1_take2,0.005,speed,0.4,0.18555021848956182,0.07940627129870836
1,beginner,Pair1_song1_take2,0.005,bounce,0.06666666666666667,0.2839137317444974,0.1399897075894928
1,beginner,Pair1_song1_take2,0.02,speed,0.36666666666666664,0.12824501720944254,0.06754429832565384
1,beginner,Pair1_song1_take2,0.02,bounce,0.06666666666666667,0.17963687512518056,0.07339128414163583
1,beginner,Pair1_song2_take1,0.0,speed,-1.0,0.35274220374181603,-0.13557300375504966
1,beginner,Pair1_song2_take1,0.0,bounce,0.1,0.2741969934052741,0.17634471339427885
1,beginner,Pair1_song2_take1,0.005,speed,-0.9333333333333333,-0.11291587975334141,-0.003972289115814334
1,beginner,Pair1_song2_take1,0.005,bounce,0.1,0.2533359642511582,0.16418639580051925
1,beginner,Pair1_song2_take1,0.02,speed,-0.9333333333333333,-0.08631196445016122,0.013217476674008808
1,beginner,Pair1_song2_take1,0.02,bounce,0.1,0.14390359507244263,0.09278218545402855
1,beginner,Pair1_song2_take2,0.0,speed,1.0,0.2817047467266781,-0.15498625982922776
1,beginner,Pair1_song2_take2,0.0,bounce,0.1,0.30057391182929727,0.17608649854147695
1,beginner,Pair1_song2_take2,0.005,speed,0.0,0.21159275354649265,0.04325971730382927
1,beginner,Pair1_song2_take2,0.005,bounce,0.06666666666666667,0.27558085192081366,0.15746734180049976
1,beginner,Pair1_song2_take2,0.02,speed,0.0,0.15783733435588437,0.03709585031462048
1,beginner,Pair1_song2_take2,0.02,bounce,0.06666666666666667,0.16079206939730412,0.08431306895411747
1,beginner,Pair1_song3_take1,0.0,speed,0.0,0.30106183364856276,-0.08364018592451494
1,beginner,Pair1_song3_take1,0.0,bounce,0.1,0.20190233103641123,0.17812369159446728
1,beginner,Pair1_song3_take1,0.005,speed,0.03333333333333333,0.14777606124144246,0.018342686540990208
1,beginner,Pair1_song3_take1,0.005,bounce,0.13333333333333333,0.18412338637646158,0.1659565121625185
1,beginner,Pair1_song3_take1,0.02,speed,0.4666666666666667,0.08048923794797089,0.004753230126178926
1,beginner,Pair1_song3_take1,0.02,bounce,-0.23333333333333334,-0.10445324351991986,0.07891382628116644
1,beginner,Pair1_song3_take2,0.0,speed,-0.26666666666666666,0.2224929640127836,-0.14988165120954805
1,beginner,Pair1_song3_take2,0.0,bounce,0.16666666666666666,0.21000611848033474,0.16457994901596285
1,beginner,Pair1_song3_take2,0.005,speed,0.5,0.10957151532676287,0.10475231693467829
1,beginner,Pair1_song3_take2,0.005,bounce,0.16666666666666666,0.18830659582652365,0.15200249843189023
1,beginner,Pair1_song3_take2,0.02,speed,0.5333333333333333,0.10711212320063963,0.10618684817284335
1,beginner,Pair1_song3_take2,0.02,bounce,0.1,0.10421367284661649,0.07507613336172123
1,beginner,Pair1_song4_take1,0.0,speed,-1.0,0.30230235789386717,-0.11612809568614049
1,beginner,Pair1_song4_take1,0.0,bounce,0.16666666666666666,0.17462372638978094,0.17699640757508275
1,beginner,Pair1_song4_take1,0.005,speed,0.36666666666666664,0.08136724820373717,0.08618801902212576
1,beginner,Pair1_song4_take1,0.005,bounce,0.16666666666666666,0.16678274792168135,0.1652206784153043
1,beginner,Pair1_song4_take1,0.02,speed,0.26666666666666666,0.07659033356361333,0.07592618845145305
1,beginner,Pair1_song4_take1,0.02,bounce,0.2,0.12238977485348565,0.08680071563773038
1,beginner,Pair1_song4_take2,0.0,speed,-0.03333333333333333,0.20488984385389725,-0.19622211487251268
1,beginner,Pair1_song4_take2,0.0,bounce,0.13333333333333333,0.24990200095541096,0.17373266257473133
1,beginner,Pair1_song4_take2,0.005,speed,0.03333333333333333,0.15002275139858476,0.04337321593983898
1,beginner,Pair1_song4_take2,0.005,bounce,0.13333333333333333,0.24345883331099502,0.16595169926229164
1,beginner,Pair1_song4_take2,0.02,speed,0.06666666666666667,0.12026623863836633,0.025276646789270465
1,beginner,Pair1_song4_take2,0.02,bounce,0.13333333333333333,0.13328024227734886,0.07797182591056816
2,intermediate,Pair2_song1_take1,0.0,speed,-0.9,0.24998748261479928,0.00698568998795028
2,intermediate,Pair2_song1_take1,0.0,bounce,0.4666666666666667,-0.26298798820383484,-0.15625210259624525
2,intermediate,Pair2_song1_take1,0.005,speed,-0.1,0.11424363409455457,-0.05588850276954023
2,intermediate,Pair2_song1_take1,0.005,bounce,0.4666666666666667,-0.25750551449760917,-0.1526104554618451
2,intermediate,Pair2_song1_take1,0.02,speed,-0.06666666666666667,0.09851523593558457,-0.048254375038393416
2,intermediate,Pair2_song1_take1,0.02,bounce,0.4666666666666667,-0.1803255850955825,-0.11023485418124566
2,intermediate,Pair2_song1_take2,0.0,speed,1.0,0.24929701641041882,0.0430140663066728
2,intermediate,Pair2_song1_take2,0.0,bounce,0.43333333333333335,-0.2687799733366123,-0.2231924401688919
2,intermediate,Pair2_song1_take2,0.005,speed,-0.4,0.11108052025988595,-0.009655076708876692
2,intermediate,Pair2_song1_take2,0.005,bounce,0.43333333333333335,-0.25761345668421104,-0.21696114931747212
2,intermediate,Pair2_song1_take2,0.02,speed,-0.6666666666666666,0.11599516934997518,-0.018685835549332556
2,intermediate,Pair2_song1_take2,0.02,bounce,-0.13333333333333333,0.18093765199966028,-0.15179993198157976
2,intermediate,Pair2_song2_take1,0.0,speed,-0.9,0.2643570212694046,0.09509127058934273
2,intermediate,Pair2_song2_take1,0.0,bounce,0.43333333333333335,-0.28978064584872776,-0.239323237430286
2,intermediate,Pair2_song2_take1,0.005,speed,0.5,0.1186963755616133,0.027401392472775746
2,intermediate,Pair2_song2_take1,0.005,bounce,-0.1,0.2830776226588755,-0.2332176581797053
2,intermediate,Pair2_song2_take1,0.02,speed,0.4666666666666667,0.10968182953144918,0.043210059601024434
2,intermediate,Pair2_song2_take1,0.02,bounce,-0.03333333333333333,0.2043437039633398,-0.15874580393631643
2,intermediate,Pair2_song2_take2,0.0,speed,-0.9333333333333333,0.3232980420908472,0.13615721149063917
2,intermediate,Pair2_song2_take2,0.0,bounce,0.43333333333333335,-0.2631192919835331,-0.2646419162003606
2,intermediate,Pair2_song2_take2,0.005,speed,-1.0,-0.10144500279584286,0.023907533991743134
2,intermediate,Pair2_song2_take2,0.005,bounce,-0.13333333333333333,0.26275127767540163,-0.2598666418738498
2,intermediate,Pair2_song2_take2,0.02,speed,-1.0,-0.08690932701232026,0.006872722625039851
2,intermediate,Pair2_song2_take2,0.02,bounce,0.43333333333333335,-0.19329250266220557,-0.175619360137877
2,intermediate,Pair2_song3_take1,0.0,speed,-0.9666666666666667,0.2722307549301103,0.05567938664904325
2,intermediate,Pair2_song3_take1,0.0,bounce,0.4666666666666667,-0.2639235503348272,-0.22430029426400389
2,intermediate,Pair2_song3_take1,0.005,speed,-0.1,0.12671502831761833,-0.06279899592522524
2,intermediate,Pair2_song3_take1,0.005,bounce,0.4666666666666667,-0.26352978262996,-0.21851452460310428
2,intermediate,Pair2_song3_take1,0.02,speed,-0.06666666666666667,0.12188575795370657,-0.05184284306615578
2,intermediate,Pair2_song3_take1,0.02,bounce,0.5,-0.20066520008349634,-0.14613668496608356
2,intermediate,Pair2_song3_take2,0.0,speed,-0.9333333333333333,0.2747068826702529,0.058133795587310036
2,intermediate,Pair2_song3_take2,0.0,bounce,0.43333333333333335,-0.301634508122233,-0.2787804486765057
2,intermediate,Pair2_song3_take2,0.005,speed,0.43333333333333335,0.08383164174281556,0.009786012800835533
2,intermediate,Pair2_song3_take2,0.005,bounce,0.43333333333333335,-0.2914192488430193,-0.2666483214705782
2,intermediate,Pair2_song3_take2,0.02,speed,0.4666666666666667,0.08492881158626053,0.005749029388112288
2,intermediate,Pair2_song3_take2,0.02,bounce,0.43333333333333335,-0.1890628646731608,-0.18978069923672664
2,intermediate,Pair2_song4_take1,0.0,speed,-1.0,0.2790179783927918,0.058255620851014586
2,intermediate,Pair2_song4_take1,0.0,bounce,0.5,-0.26714132310958205,-0.17564405319652515
2,intermediate,Pair2_song4_take1,0.005,speed,-0.36666666666666664,-0.0721319105698197,0.05650528698733903
2,intermediate,Pair2_song4_take1,0.005,bounce,0.5,-0.2572745974502793,-0.1727867215751511
2,intermediate,Pair2_song4_take1,0.02,speed,-0.3,-0.06303525378350579,0.050586843059898724
2,intermediate,Pair2_song4_take1,0.02,bounce,0.5333333333333333,-0.17173327568437816,-0.11957405059822174
2,intermediate,Pair2_song4_take2,0.0,speed,-1.0,0.2438051872484703,0.02536677529069319
2,intermediate,Pair2_song4_take2,0.0,bounce,0.4666666666666667,-0.23536762826598842,-0.20042771769884202
2,intermediate,Pair2_song4_take2,0.005,speed,0.4666666666666667,0.08829953951161724,0.002718298477647603
2,intermediate,Pair2_song4_take2,0.005,bounce,0.4666666666666667,-0.22931384411231767,-0.19696860450163065
2,intermediate,Pair2_song4_take2,0.02,speed,0.5,0.08438548814591926,0.00484231273930218
2,intermediate,Pair2_song4_take2,0.02,bounce,0.4666666666666667,-0.16239598351912662,-0.1310047895398687
3,beginner,Pair3_song1_take1,0.0,speed,-0.8666666666666667,0.23032668445624213,0.05171028514869962
3,beginner,Pair3_song1_take1,0.0,bounce,-0.03333333333333333,0.48919449451785085,-0.10058861852513534
3,beginner,Pair3_song1_take1,0.005,speed,0.4,0.24029835167760014,0.073429956276202
3,beginner,Pair3_song1_take1,0.005,bounce,-0.03333333333333333,0.47511374329972467,-0.09726687944363492
3,beginner,Pair3_song1_take1,0.02,speed,0.4,0.21516507772687085,0.06970691618179611
3,beginner,Pair3_song1_take1,0.02,bounce,-0.03333333333333333,0.3493464912196002,-0.06265328245974763
3,beginner,Pair3_song1_take2,0.0,speed,0.0,0.16008388962148698,0.09984051714417323
3,beginner,Pair3_song1_take2,0.0,bounce,-0.03333333333333333,0.48088350637616073,-0.08219050274489334
3,beginner,Pair3_song1_take2,0.005,speed,0.36666666666666664,0.17493065536122315,0.09661265962811397
3,beginner,Pair3_song1_take2,0.005,bounce,-0.03333333333333333,0.4605943599778906,-0.0783399990201128
3,beginner,Pair3_song1_take2,0.02,speed,0.36666666666666664,0.15363972657072184,0.08270492343015705
3,beginner,Pair3_song1_take2,0.02,bounce,-0.03333333333333333,0.35344648854748206,-0.06721700359838413
3,beginner,Pair3_song2_take1,0.0,speed,-0.8,0.17913050633973945,0.12890695925755719
3,beginner,Pair3_song2_take1,0.0,bounce,0.0,0.5022849771764003,-0.07755897777501793
3,beginner,Pair3_song2_take1,0.005,speed,0.9333333333333333,0.24620777829939253,0.1332922161447313
3,beginner,Pair3_song2_take1,0.005,bounce,0.0,0.4847098615232825,-0.07991617243711349
3,beginner,Pair3_song2_take1,0.02,speed,1.0,0.21286023439741394,0.11300101654752615
3,beginner,Pair3_song2_take1,0.02,bounce,0.0,0.3322225749561202,-0.05409158502161023
3,beginner,Pair3_song2_take2,0.0,speed,-0.8,0.22540171586783084,0.07411322501697029
3,beginner,Pair3_song2_take2,0.0,bounce,-0.03333333333333333,0.43770566230675306,-0.0663183681130617
3,beginner,Pair3_song2_take2,0.005,speed,0.9333333333333333,0.4086513596547594,0.10877214153315448
3,beginner,Pair3_song2_take2,0.005,bounce,-0.03333333333333333,0.4203847158306803,-0.05994023530597077
3,beginner,Pair3_song2_take2,0.02,speed,0.9333333333333333,0.35671481038412034,0.1046635491869763
3,beginner,Pair3_song2_take2,0.02,bounce,-0.03333333333333333,0.26242959212101313,-0.04444220080439971
3,beginner,Pair3_song3_take1,0.0,speed,-0.9,0.2362193084022492,-0.03245668669502586
3,beginner,Pair3_song3_take1,0.0,bounce,-0.03333333333333333,0.47380462290584097,-0.12438531400303687
3,beginner,Pair3_song3_take1,0.005,speed,1.0,0.24461651075109392,0.12019151346092558
3,beginner,Pair3_song3_take1,0.005,bounce,-0.03333333333333333,0.46167451571005363,-0.11906607145386189
3,beginner,Pair3_song3_take1,0.02,speed,1.0,0.2133898782233688,0.11296740054632005
3,beginner,Pair3_song3_take1,0.02,bounce,0.3,-0.32691384210982044,-0.08584272176803227
3,beginner,Pair3_song3_take2,0.0,speed,-0.8666666666666667,0.31622502662302,-0.10565015473547462
3,beginner,Pair3_song3_take2,0.0,bounce,-0.03333333333333333,0.49816358795756677,-0.12349257852405768
3,beginner,Pair3_song3_take2,0.005,speed,1.0,0.2543168126993029,0.1077081537637933
3,beginner,Pair3_song3_take2,0.005,bounce,-0.03333333333333333,0.48547096435481774,-0.12214741632864291
3,beginner,Pair3_song3_take2,0.02,speed,1.0,0.2105472355551139,0.09885945817872734
3,beginner,Pair3_song3_take2,0.02,bounce,-0.03333333333333333,0.3536227650498235,-0.08636170069340972
3,beginner,Pair3_song4_take1,0.0,speed,-1.0,0.27016928446123745,-0.03902373479727107
3,beginner,Pair3_song4_take1,0.0,bounce,0.0,0.48876057827230446,-0.0863685015643158
3,beginner,Pair3_song4_take1,0.005,speed,0.43333333333333335,0.23369835403057237,0.09139665216609191
3,beginner,Pair3_song4_take1,0.005,bounce,0.0,0.4644453299652846,-0.08551535346899147
3,beginner,Pair3_song4_take1,0.02,speed,0.4666666666666667,0.22380202899729104,0.0864184076155094
3,beginner,Pair3_song4_take1,0.02,bounce,-0.03333333333333333,0.35711914895512425,-0.05679699837193654
3,beginner,Pair3_song4_take2,0.0,speed,-1.0,0.27299466933796096,0.010061300865412149
3,beginner,Pair3_song4_take2,0.0,bounce,-0.03333333333333333,0.4981119785587013,-0.11356461158610352
3,beginner,Pair3_song4_take2,0.005,speed,1.0,0.242689977952595,0.15811871221592796
3,beginner,Pair3_song4_take2,0.005,bounce,-0.03333333333333333,0.4820552562220596,-0.11233905517133173
3,beginner,Pair3_song4_take2,0.02,speed,1.0,0.2180980994602428,0.144013250330993
3,beginner,Pair3_song4_take2,0.02,bounce,0.0,0.329692640961485,-0.07543622281983976
4,intermediate,Pair4_song1_take1,0.0,speed,0.03333333333333333,0.47883770789094854,0.1260309624858183
4,intermediate,Pair4_song1_take1,0.0,bounce,0.36666666666666664,-0.3967252529344806,-0.2539941862679938
4,intermediate,Pair4_song1_take1,0.005,speed,0.03333333333333333,0.3879547313970235,0.03213829981394384
4,intermediate,Pair4_song1_take1,0.005,bounce,0.36666666666666664,-0.37466747357727925,-0.2340071852175321
4,intermediate,Pair4_song1_take1,0.02,speed,0.0,0.36013618358916205,0.0281665696708584
4,intermediate,Pair4_song1_take1,0.02,bounce,0.3333333333333333,-0.1938194169734797,-0.12462999533359864
4,intermediate,Pair4_song1_take2,0.0,speed,0.0,0.49012967436888294,0.09519665290922269
4,intermediate,Pair4_song1_take2,0.0,bounce,-0.03333333333333333,0.3683438868037367,-0.2190442498103023
4,intermediate,Pair4_song1_take2,0.005,speed,-0.03333333333333333,0.39327588695259436,-0.019387956786184157
4,intermediate,Pair4_song1_take2,0.005,bounce,-0.03333333333333333,0.3471363914009688,-0.2085929171964706
4,intermediate,Pair4_song1_take2,0.02,speed,-0.03333333333333333,0.36295147534748057,-0.01303455883404439
4,intermediate,Pair4_song1_take2,0.02,bounce,0.3333333333333333,-0.19883228855385188,-0.1117953788673911
4,intermediate,Pair4_song2_take1,0.0,speed,0.0,0.48271278532744505,0.1043485457255185
4,intermediate,Pair4_song2_take1,0.0,bounce,-0.03333333333333333,0.3395843908189369,-0.1888784148833781
4,intermediate,Pair4_song2_take1,0.005,speed,0.0,0.3932195767553059,0.026067760623702085
4,intermediate,Pair4_song2_take1,0.005,bounce,-0.03333333333333333,0.31340383425019,-0.17296051454329925
4,intermediate,Pair4_song2_take1,0.02,speed,-0.03333333333333333,0.35314595224470535,0.03150749256789753
4,intermediate,Pair4_song2_take1,0.02,bounce,-0.06666666666666667,0.19571915236042678,-0.09441122947044818
4,intermediate,Pair4_song2_take2,0.0,speed,-0.03333333333333333,0.606573554174439,0.017333594305557865
4,intermediate,Pair4_song2_take2,0.0,bounce,-0.8333333333333334,-0.3153922266685151,-0.17327071715975517
4,intermediate,Pair4_song2_take2,0.005,speed,-0.03333333333333333,0.49314740334437673,-0.04747426822766798
4,intermediate,Pair4_song2_take2,0.005,bounce,0.3333333333333333,-0.2957072076462328,-0.16630813452336413
4,intermediate,Pair4_song2_take2,0.02,speed,-0.06666666666666667,0.4523468411332022,-0.043849902617013714
4,intermediate,Pair4_song2_take2,0.02,bounce,0.0,0.18803504783707234,-0.09601232266225107
4,intermediate,Pair4_song3_take1,0.0,speed,-0.03333333333333333,0.5954016679889986,0.03202028853405131
4,intermediate,Pair4_song3_take1,0.0,bounce,0.3333333333333333,-0.3344449164238127,-0.17810682268284417
4,intermediate,Pair4_song3_take1,0.005,speed,-0.03333333333333333,0.4076383177320965,-0.003173534962114366
4,intermediate,Pair4_song3_take1,0.005,bounce,0.3333333333333333,-0.3148632386357664,-0.17261185845323523
4,intermediate,Pair4_song3_take1,0.02,speed,-0.03333333333333333,0.35948089998636246,-0.01278139178109039
4,intermediate,Pair4_song3_take1,0.02,bounce,-0.9666666666666667,-0.18460685711509506,-0.08923338085789204
4,intermediate,Pair4_song3_take2,0.0,speed,0.0,0.5087674667874361,0.1340611527964774
4,intermediate,Pair4_song3_take2,0.0,bounce,-0.03333333333333333,0.321076664622764,-0.1786559811892286
4,intermediate,Pair4_song3_take2,0.005,speed,-0.03333333333333333,0.43401601287369235,0.02851934157287389
4,intermediate,Pair4_song3_take2,0.005,bounce,-0.03333333333333333,0.30351911164534007,-0.16421043392780268
4,intermediate,Pair4_song3_take2,0.02,speed,0.0,0.3802693714661048,0.036823750580131015
4,intermediate,Pair4_song3_take2,0.02,bounce,0.0,0.142870957724345,-0.08439057697131523
4,intermediate,Pair4_song4_take1,0.0,speed,0.0,0.6012525830103669,0.11185781409647122
4,intermediate,Pair4_song4_take1,0.0,bounce,-0.03333333333333333,0.4443307521898867,-0.09667986825703193
4,intermediate,Pair4_song4_take1,0.005,speed,0.0,0.4919480723232154,0.049377170503628276
4,intermediate,Pair4_song4_take1,0.005,bounce,-0.03333333333333333,0.40430984900419065,-0.08789365109282629
4,intermediate,Pair4_song4_take1,0.02,speed,0.0,0.431552624538979,0.049199735667823874
4,intermediate,Pair4_song4_take1,0.02,bounce,-0.06666666666666667,0.18918652750914816,-0.051847756116631054
4,intermediate,Pair4_song4_take2,0.0,speed,-0.03333333333333333,0.5728368421940262,0.030076773660269895
4,intermediate,Pair4_song4_take2,0.0,bounce,0.0,0.3297094765399577,-0.14568722939400208
4,intermediate,Pair4_song4_take2,0.005,speed,0.0,0.39379381604951896,0.03576958563163812
4,intermediate,Pair4_song4_take2,0.005,bounce,0.0,0.30018958841380505,-0.13338686791935067
4,intermediate,Pair4_song4_take2,0.02,speed,0.0,0.34891569594687316,0.03599829648425082
4,intermediate,Pair4_song4_take2,0.02,bounce,-0.06666666666666667,0.1530439485849198,-0.06433889094723937
5,professional,Pair5_song1_take1,0.0,speed,-1.0,0.23349932203997562,0.00020899189851533717
5,professional,Pair5_song1_take1,0.0,bounce,0.06666666666666667,0.2789317903881413,0.017743405418240817
5,professional,Pair5_song1_take1,0.005,speed,-0.5333333333333333,-0.1256327051224898,0.09525575745110279
5,professional,Pair5_song1_take1,0.005,bounce,0.06666666666666667,0.2731693468260842,0.023092245349186167
5,professional,Pair5_song1_take1,0.02,speed,-0.5333333333333333,-0.10505356728817362,0.07801969586937453
5,professional,Pair5_song1_take1,0.02,bounce,0.06666666666666667,0.20979726758296108,0.011210137375556687
5,professional,Pair5_song1_take2,0.0,speed,0.0,0.9999999999999997,0.0
5,professional,Pair5_song1_take2,0.0,bounce,0.0,1.0,-2.7755575615628914e-17
5,professional,Pair5_song1_take2,0.005,speed,0.0,0.9940249097360541,0.0006378254206003131
5,professional,Pair5_song1_take2,0.005,bounce,0.0,0.9549272602935814,-0.0008837026235628681
5,professional,Pair5_song1_take2,0.02,speed,0.0,0.9185055523623293,-0.0034783438565226255
5,professional,Pair5_song1_take2,0.02,bounce,0.0,0.5644741730337443,0.00734791204692933
5,professional,Pair5_song2_take1,0.0,speed,1.0,0.2551458844732163,-0.009664542762439277
5,professional,Pair5_song2_take1,0.0,bounce,-0.8,-0.1556845060672392,-0.04878598829071609
5,professional,Pair5_song2_take1,0.005,speed,0.3333333333333333,0.15569534592298911,0.0993184281998627
5,professional,Pair5_song2_take1,0.005,bounce,-0.8,-0.15392976160462124,-0.04692315964803409
5,professional,Pair5_song2_take1,0.02,speed,0.8666666666666667,0.14185453858941885,0.09124022847377473
5,professional,Pair5_song2_take1,0.02,bounce,-0.8666666666666667,-0.12153636983055452,-0.02952135501948591
5,professional,Pair5_song2_take2,0.0,speed,0.7666666666666667,0.26885193718014766,0.028383384327215516
5,professional,Pair5_song2_take2,0.0,bounce,0.06666666666666667,0.21479295540552015,-0.007747130357480668
5,professional,Pair5_song2_take2,0.005,speed,0.36666666666666664,0.1439592560691595,0.06452633839169075
5,professional,Pair5_song2_take2,0.005,bounce,0.03333333333333333,0.20456764700387467,-0.009632057339969285
5,professional,Pair5_song2_take2,0.02,speed,-0.03333333333333333,0.1266177086805474,0.06058508283108363
5,professional,Pair5_song2_take2,0.02,bounce,0.03333333333333333,0.14429286859526508,-0.014494902668914587
5,professional,Pair5_song3_take1,0.0,speed,0.0,0.22532977950732863,-0.021413113033905556
5,professional,Pair5_song3_take1,0.0,bounce,0.03333333333333333,0.2895782195126702,0.03618942651393321
5,professional,Pair5_song3_take1,0.005,speed,0.0,0.12494669402678514,0.008175249082033008
5,professional,Pair5_song3_take1,0.005,bounce,0.03333333333333333,0.28048819601937747,0.030022381436333893
5,professional,Pair5_song3_take1,0.02,speed,0.0,0.12003428504601427,0.01204247045622716
5,professional,Pair5_song3_take1,0.02,bounce,0.06666666666666667,0.21501873674855984,0.024999244988342148
5,professional,Pair5_song3_take2,0.0,speed,0.0,0.2873282848212678,-0.027259563868277686
5,professional,Pair5_song3_take2,0.0,bounce,0.03333333333333333,0.28991335731213996,-0.008558156578318097
5,professional,Pair5_song3_take2,0.005,speed,0.3333333333333333,0.0742006471992985,0.05497187521554388
5,professional,Pair5_song3_take2,0.005,bounce,0.03333333333333333,0.2904955607378559,-0.010858448327613698
5,professional,Pair5_song3_take2,0.02,speed,0.3333333333333333,0.06953505301220834,0.05081240271158818
5,professional,Pair5_song3_take2,0.02,bounce,0.03333333333333333,0.21062239634720806,-0.000846776726879786
5,professional,Pair5_song4_take1,0.0,speed,0.0,0.2456433415346279,0.000632697316473696
5,professional,Pair5_song4_take1,0.0,bounce,0.0,0.2997580565850471,-0.0427163691426657
5,professional,Pair5_song4_take1,0.005,speed,0.06666666666666667,0.11570014097477464,-0.003914619755969302
5,professional,Pair5_song4_take1,0.005,bounce,0.0,0.2917292608492814,-0.042409133356003756
5,professional,Pair5_song4_take1,0.02,speed,0.1,0.10015647263008622,-0.002612652119625969
5,professional,Pair5_song4_take1,0.02,bounce,0.0,0.23571376554493173,-0.03364151823362824
5,professional,Pair5_song4_take2,0.0,speed,-0.03333333333333333,0.2258440971736087,-0.01088103854765235
5,professional,Pair5_song4_take2,0.0,bounce,0.03333333333333333,0.2301910945876301,-0.0016159625279900981
5,professional,Pair5_song4_take2,0.005,speed,-0.9666666666666667,0.12970923344376292,0.06597150522993299
5,professional,Pair5_song4_take2,0.005,bounce,0.03333333333333333,0.21745405870429882,-0.005054403599364333
5,professional,Pair5_song4_take2,0.02,speed,-1.0,0.10953007521837266,0.05444528523461076
5,professional,Pair5_song4_take2,0.02,bounce,0.03333333333333333,0.16967696898218904,-0.009411141013420669
6,intermediate,Pair6_song1_take1,0.0,speed,0.9333333333333333,0.31211715680364804,0.06702145243344093
6,intermediate,Pair6_song1_take1,0.0,bounce,0.0,0.3086776013908211,-0.07834087277282117
6,intermediate,Pair6_song1_take1,0.005,speed,1.0,0.12715275703699566,0.048888476269973564
6,intermediate,Pair6_song1_take1,0.005,bounce,0.0,0.2911078062410943,-0.0693793382059033
6,intermediate,Pair6_song1_take1,0.02,speed,1.0,0.11486562687763797,0.02592620416098571
6,intermediate,Pair6_song1_take1,0.02,bounce,0.03333333333333333,0.18820843756662675,-0.02153973487237716
6,intermediate,Pair6_song1_take2,0.0,speed,0.43333333333333335,0.2792147405001101,0.16620864215715206
6,intermediate,Pair6_song1_take2,0.0,bounce,0.03333333333333333,0.2962345167773509,-0.11153560734488635
6,intermediate,Pair6_song1_take2,0.005,speed,0.9333333333333333,0.17133617333292234,-0.0759819425468356
6,intermediate,Pair6_song1_take2,0.005,bounce,0.0,0.2705777521071216,-0.105968596906615
6,intermediate,Pair6_song1_take2,0.02,speed,0.9333333333333333,0.15591909855464758,-0.06975745743351469
6,intermediate,Pair6_song1_take2,0.02,bounce,0.03333333333333333,0.17147998753848429,-0.062206354126570246
6,intermediate,Pair6_song2_take1,0.0,speed,0.8,0.33388556445857565,0.11906404997516934
6,intermediate,Pair6_song2_take1,0.0,bounce,-0.7666666666666667,-0.22115624147093538,-0.06719207186928577
6,intermediate,Pair6_song2_take1,0.005,speed,1.0,0.1626348986018835,-0.02260650367558474
6,intermediate,Pair6_song2_take1,0.005,bounce,0.03333333333333333,0.21023080655171117,-0.060784851193882314
6,intermediate,Pair6_song2_take1,0.02,speed,0.9333333333333333,0.14918770468267564,-0.030641574187303816
6,intermediate,Pair6_song2_take1,0.02,bounce,0.03333333333333333,0.1469863249415414,-0.025344383964315716
6,intermediate,Pair6_song2_take2,0.0,speed,0.8,0.31544088535149795,0.1008651236279404
6,intermediate,Pair6_song2_take2,0.0,bounce,0.03333333333333333,0.31231253466166115,-0.05737745918316316
6,intermediate,Pair6_song2_take2,0.005,speed,0.8666666666666667,0.1377320632444765,-0.04535776590279711
6,intermediate,Pair6_song2_take2,0.005,bounce,0.03333333333333333,0.2967293285333629,-0.05327384964586488
6,intermediate,Pair6_song2_take2,0.02,speed,0.8333333333333334,0.11662940960747231,-0.029743993144056888
6,intermediate,Pair6_song2_take2,0.02,bounce,-0.03333333333333333,0.16865167333497655,-0.03162998129110001
6,intermediate,Pair6_song3_take1,0.0,speed,0.8333333333333334,0.3842667361026826,0.09573269310608226
6,intermediate,Pair6_song3_take1,0.0,bounce,0.03333333333333333,0.3580001695387509,-0.10380082694845076
6,intermediate,Pair6_song3_take1,0.005,speed,0.9666666666666667,0.15676354538391962,-0.11527662036739966
6,intermediate,Pair6_song3_take1,0.005,bounce,0.03333333333333333,0.3353483771775905,-0.09025555878302229
6,intermediate,Pair6_song3_take1,0.02,speed,0.9666666666666667,0.13354924081469463,-0.08512654800661835
6,intermediate,Pair6_song3_take1,0.02,bounce,0.03333333333333333,0.21389020010690257,-0.04760716721825686
6,intermediate,Pair6_song3_take2,0.0,speed,0.8666666666666667,0.30667739362122687,0.11755921567066625
6,intermediate,Pair6_song3_take2,0.0,bounce,0.0,0.3349567258147946,-0.12496658149178004
6,intermediate,Pair6_song3_take2,0.005,speed,-0.4666666666666667,0.08815255599149648,-0.04543186370628324
6,intermediate,Pair6_song3_take2,0.005,bounce,0.0,0.2974797074096495,-0.11508049289665453
6,intermediate,Pair6_song3_take2,0.02,speed,-0.4,0.07280595341041018,-0.03668991450516799
6,intermediate,Pair6_song3_take2,0.02,bounce,0.0,0.12141772064471844,-0.038331931090982624
6,intermediate,Pair6_song4_take1,0.0,speed,0.9333333333333333,0.3990947025747583,0.13676626571833805
6,intermediate,Pair6_song4_take1,0.0,bounce,0.03333333333333333,0.37272528241447833,-0.06310631250708743
6,intermediate,Pair6_song4_take1,0.005,speed,0.03333333333333333,0.15422529374271335,-0.006420646419098383
6,intermediate,Pair6_song4_take1,0.005,bounce,0.03333333333333333,0.3465689854689863,-0.057552445052484184
6,intermediate,Pair6_song4_take1,0.02,speed,0.03333333333333333,0.12563944154128356,0.005482600878478183
6,intermediate,Pair6_song4_take1,0.02,bounce,0.0,0.18044597840988946,-0.025560020810023197
6,intermediate,Pair6_song4_take2,0.0,speed,0.8666666666666667,0.3633352330010106,0.18474260630538106
6,intermediate,Pair6_song4_take2,0.0,bounce,0.0,0.252325329956818,-0.02023307755230122
6,intermediate,Pair6_song4_take2,0.005,speed,0.7666666666666667,0.18841663213917642,-0.009871213229398101
6,intermediate,Pair6_song4_take2,0.005,bounce,0.0,0.23554381687213274,-0.021620254533788342
6,intermediate,Pair6_song4_take2,0.02,speed,0.7666666666666667,0.16597916439893526,-0.010153987805173771
6,intermediate,Pair6_song4_take2,0.02,bounce,0.03333333333333333,0.16099710368564493,0.00116119955067686
7,professional,Pair7_song1_take1,0.0,speed,0.03333333333333333,0.22299011200881058,0.03049479533848655
7,professional,Pair7_song1_take1,0.0,bounce,0.06666666666666667,0.13201534830876202,0.024674265303866873
7,professional,Pair7_song1_take1,0.005,speed,-0.03333333333333333,0.1528072486718928,0.00455707473692616
7,professional,Pair7_song1_take1,0.005,bounce,0.06666666666666667,0.1315700517558985,0.01880130989915491
7,professional,Pair7_song1_take1,0.02,speed,-0.03333333333333333,0.13406851246545254,0.004494158220977287
7,professional,Pair7_song1_take1,0.02,bounce,0.1,0.05739697990125974,0.005717910083670204
7,professional,Pair7_song1_take2,0.0,speed,0.0,0.37206348557293617,-0.016189188724191866
7,professional,Pair7_song1_take2,0.0,bounce,0.03333333333333333,0.2055452366001697,-0.02646875748169033
7,professional,Pair7_song1_take2,0.005,speed,0.0,0.28926389675771774,-0.05706319861360698
7,professional,Pair7_song1_take2,0.005,bounce,0.03333333333333333,0.1996645707732251,-0.028284690888553305
7,professional,Pair7_song1_take2,0.02,speed,-0.03333333333333333,0.2695354039604307,-0.05820198541475388
7,professional,Pair7_song1_take2,0.02,bounce,0.03333333333333333,0.13827596394364083,-0.016375634867357804
7,professional,Pair7_song2_take2,0.0,speed,0.0,0.35564056184446613,-0.014228840833750145
7,professional,Pair7_song2_take2,0.0,bounce,0.03333333333333333,0.18537390635716564,-0.02361812273298955
7,professional,Pair7_song2_take2,0.005,speed,0.0,0.16367518866469113,0.00730367218743512
7,professional,Pair7_song2_take2,0.005,bounce,0.03333333333333333,0.18228530316759248,-0.018961424695156263
7,professional,Pair7_song2_take2,0.02,speed,0.0,0.1496722802444278,0.009691920052882858
7,professional,Pair7_song2_take2,0.02,bounce,0.0,0.09730816481845961,-0.01771159440447438
7,professional,Pair7_song3_take1,0.0,speed,0.03333333333333333,0.22299011200881058,0.03049479533848655
7,professional,Pair7_song3_take1,0.0,bounce,0.06666666666666667,0.13201534830876202,0.024674265303866873
7,professional,Pair7_song3_take1,0.005,speed,-0.03333333333333333,0.15436197147357902,0.004656360987784172
7,professional,Pair7_song3_take1,0.005,bounce,0.06666666666666667,0.13418988139708043,0.02319615573793863
7,professional,Pair7_song3_take1,0.02,speed,-0.03333333333333333,0.1322591429289555,0.0011277329044831336
7,professional,Pair7_song3_take1,0.02,bounce,0.03333333333333333,0.08993865632833256,0.010875406656525888
7,professional,Pair7_song3_take2,0.0,speed,-0.03333333333333333,0.30636152573262526,-0.012568406150567757
7,professional,Pair7_song3_take2,0.0,bounce,0.6,0.13967446300607395,-0.015273164937004133
7,professional,Pair7_song3_take2,0.005,speed,-0.1,0.07136477869597906,-0.039746615794654966
7,professional,Pair7_song3_take2,0.005,bounce,0.6,0.13313457524601957,-0.015466585853689718
7,professional,Pair7_song3_take2,0.02,speed,0.23333333333333334,-0.06792452859861599,-0.04029991531794482
7,professional,Pair7_song3_take2,0.02,bounce,0.3,-0.08445957067053722,-0.003654641051583525
7,professional,Pair7_song4_take1,0.0,speed,0.03333333333333333,0.4286248716611047,0.016671243862507457
7,professional,Pair7_song4_take1,0.0,bounce,0.06666666666666667,0.2200823425988933,0.07610746826984861
7,professional,Pair7_song4_take1,0.005,speed,0.0,0.35307275076245787,-0.007937767396982404
7,professional,Pair7_song4_take1,0.005,bounce,0.03333333333333333,0.19997075780177553,0.06278676898722292
7,professional,Pair7_song4_take1,0.02,speed,0.03333333333333333,0.3181400060823555,0.008455739932589551
7,professional,Pair7_song4_take1,0.02,bounce,0.06666666666666667,0.14261359006855634,0.04395215895087597
7,professional,Pair7_song4_take2,0.0,speed,0.03333333333333333,0.3983301777818288,-0.00967689775729419
7,professional,Pair7_song4_take2,0.0,bounce,0.06666666666666667,0.18252199333183072,0.03129957085590605
7,professional,Pair7_song4_take2,0.005,speed,0.0,0.399569670167289,-0.07344985661652673
7,professional,Pair7_song4_take2,0.005,bounce,0.06666666666666667,0.1681597188733811,0.025825311744794757
7,professional,Pair7_song4_take2,0.02,speed,0.0,0.3603502113407728,-0.06926623558496539
7,professional,Pair7_song4_take2,0.02,bounce,-1.0,-0.0753708051160662,-0.0013628612286000895
8,beginner,Pair8_song1_take1,0.0,speed,1.0,0.3010827151997382,-0.024445919140101913
8,beginner,Pair8_song1_take1,0.0,bounce,-0.03333333333333333,0.36134924232318366,-0.08237996151016716
8,beginner,Pair8_song1_take1,0.005,speed,0.9,0.41851588889642954,-0.05929766240349381
8,beginner,Pair8_song1_take1,0.005,bounce,-0.03333333333333333,0.33402203988919366,-0.07435443005443745
8,beginner,Pair8_song1_take1,0.02,speed,0.9,0.36481478254829025,-0.0371821695537492
8,beginner,Pair8_song1_take1,0.02,bounce,0.9333333333333333,-0.18772606246060994,-0.025538169770879044
8,beginner,Pair8_song1_take2,0.0,speed,0.0,0.30127375864936734,0.02624461397972934
8,beginner,Pair8_song1_take2,0.0,bounce,0.0,0.467365057674876,-0.07481876826926923
8,beginner,Pair8_song1_take2,0.005,speed,0.0,0.342515384371404,0.017342201392501227
8,beginner,Pair8_song1_take2,0.005,bounce,0.0,0.44641453146839455,-0.06868651084665736
8,beginner,Pair8_song1_take2,0.02,speed,0.0,0.28348484575493815,0.014630971704025386
8,beginner,Pair8_song1_take2,0.02,bounce,0.0,0.25037472054621274,-0.030615473196585006
8,beginner,Pair8_song2_take1,0.0,speed,-0.03333333333333333,0.40692525730515583,0.014203743731159346
8,beginner,Pair8_song2_take1,0.0,bounce,-0.03333333333333333,0.46078855414225073,-0.07044836186734788
8,beginner,Pair8_song2_take1,0.005,speed,-0.06666666666666667,0.3824259450213158,-0.07606434408863766
8,beginner,Pair8_song2_take1,0.005,bounce,-0.03333333333333333,0.4274256656031085,-0.06342906755355135
8,beginner,Pair8_song2_take1,0.02,speed,-0.06666666666666667,0.32867800364285926,-0.06867135462578142
8,beginner,Pair8_song2_take1,0.02,bounce,-0.03333333333333333,0.2444942596231545,-0.03079628736177186
8,beginner,Pair8_song2_take2,0.0,speed,0.0,0.448868920481633,-0.04905319881544154
8,beginner,Pair8_song2_take2,0.0,bounce,0.0,0.47089112790797827,-0.05649793898373988
8,beginner,Pair8_song2_take2,0.005,speed,0.0,0.3114780684773835,0.02077943196158641
8,beginner,Pair8_song2_take2,0.005,bounce,0.0,0.4476583529550384,-0.051115268631266364
8,beginner,Pair8_song2_take2,0.02,speed,0.0,0.25985586511633924,0.01151476185066344
8,beginner,Pair8_song2_take2,0.02,bounce,-0.03333333333333333,0.25607713751390665,-0.02718606520579114
8,beginner,Pair8_song3_take1,0.0,speed,0.0,0.35268832843008485,-0.0038561546080987386
8,beginner,Pair8_song3_take1,0.0,bounce,0.0,0.47680536807882057,-0.06142281998546068
8,beginner,Pair8_song3_take1,0.005,speed,-0.03333333333333333,0.34094371739311463,-0.0841479945933897
8,beginner,Pair8_song3_take1,0.005,bounce,0.0,0.4593810116150626,-0.05834227964774111
8,beginner,Pair8_song3_take1,0.02,speed,1.0,0.2960869237321498,-0.08020072030189951
8,beginner,Pair8_song3_take1,0.02,bounce,0.3333333333333333,-0.2530216876280457,-0.028143630446438528
8,beginner,Pair8_song3_take2,0.0,speed,1.0,0.32484870323389603,0.07267137886918708
8,beginner,Pair8_song3_take2,0.0,bounce,-0.03333333333333333,0.37147489548453805,-0.055796641635223146
8,beginner,Pair8_song3_take2,0.005,speed,0.9333333333333333,0.36507581575384584,0.0778192349531542
8,beginner,Pair8_song3_take2,0.005,bounce,-0.03333333333333333,0.3579959359629465,-0.05290309170946231
8,beginner,Pair8_song3_take2,0.02,speed,0.9333333333333333,0.31479474683781544,0.07269951203282063
8,beginner,Pair8_song3_take2,0.02,bounce,-0.06666666666666667,0.20045273733637417,-0.03194738511599921
8,beginner,Pair8_song4_take1,0.0,speed,0.03333333333333333,0.35268564168307176,0.0339582629463161
8,beginner,Pair8_song4_take1,0.0,bounce,0.0,0.4284428057856723,-0.02287096632634328
8,beginner,Pair8_song4_take1,0.005,speed,0.03333333333333333,0.2633775694305847,-0.00216556043912422
8,beginner,Pair8_song4_take1,0.005,bounce,0.0,0.4052758264325877,-0.018720481211779536
8,beginner,Pair8_song4_take1,0.02,speed,0.03333333333333333,0.23236239901717964,-0.0168057601602096
8,beginner,Pair8_song4_take1,0.02,bounce,-0.03333333333333333,0.24645793204296512,-0.008982544777430462
8,beginner,Pair8_song4_take2,0.0,speed,0.03333333333333333,0.4100902295850336,0.017802169340219776
8,beginner,Pair8_song4_take2,0.0,bounce,-0.03333333333333333,0.5132090072165099,-0.0515138367520755
8,beginner,Pair8_song4_take2,0.005,speed,0.0,0.30503694441132206,-0.04438501731003801
8,beginner,Pair8_song4_take2,0.005,bounce,-0.03333333333333333,0.49918868341575406,-0.05101121586050107
8,beginner,Pair8_song4_take2,0.02,speed,0.0,0.2486335910965871,-0.04503342100185649
8,beginner,Pair8_song4_take2,0.02,bounce,-0.03333333333333333,0.31220866735789155,-0.025925451799488367
9,professional,Pair9_song1_take1,0.0,speed,0.8,0.28450482128498894,0.07051303378395807
9,professional,Pair9_song1_take1,0.0,bounce,0.06666666666666667,0.36585487980894366,0.20162593397059614
9,professional,Pair9_song1_take1,0.005,speed,-0.03333333333333333,0.16349840368394222,-0.0607287962599772
9,professional,Pair9_song1_take1,0.005,bounce,0.06666666666666667,0.35563813814825485,0.1982793564158899
9,professional,Pair9_song1_take1,0.02,speed,-0.03333333333333333,0.1625030149816306,-0.059561461913895275
9,professional,Pair9_song1_take1,0.02,bounce,0.06666666666666667,0.26857017849387504,0.13589428693317385
9,professional,Pair9_song1_take2,0.0,speed,0.7666666666666667,0.2328162982456081,0.032015120391813576
9,professional,Pair9_song1_take2,0.0,bounce,-0.4,-0.3447685400269558,0.028638834756975914
9,professional,Pair9_song1_take2,0.005,speed,0.5666666666666667,0.09980503717986029,0.03687196241582211
9,professional,Pair9_song1_take2,0.005,bounce,-0.4,-0.34388943605557276,0.030715519718841976
9,professional,Pair9_song1_take2,0.02,speed,0.5666666666666667,0.09751302279356332,0.04002109378937064
9,professional,Pair9_song1_take2,0.02,bounce,-0.4,-0.2805403208631618,0.015769901463080993
9,professional,Pair9_song2_take1,0.0,speed,0.6333333333333333,0.19389562267024898,-0.000645191083718688
9,professional,Pair9_song2_take1,0.0,bounce,0.06666666666666667,0.3726795845367041,0.19100636790065884
9,professional,Pair9_song2_take1,0.005,speed,-0.1,0.163250803677896,-0.0671466878979746
9,professional,Pair9_song2_take1,0.005,bounce,0.06666666666666667,0.366132710290884,0.183125707095806
9,professional,Pair9_song2_take1,0.02,speed,-0.1,0.1534547121696081,-0.05885514095576844
9,professional,Pair9_song2_take1,0.02,bounce,0.06666666666666667,0.29712754418940135,0.16066885356172503
9,professional,Pair9_song2_take2,0.0,speed,0.7333333333333333,0.2813083602905723,0.02156678425511266
9,professional,Pair9_song2_take2,0.0,bounce,0.03333333333333333,0.29792382220321356,0.11935049788105836
9,professional,Pair9_song2_take2,0.005,speed,0.5,0.1617551109453819,0.0748602236446897
9,professional,Pair9_song2_take2,0.005,bounce,0.03333333333333333,0.29496441400288437,0.12047037518688886
9,professional,Pair9_song2_take2,0.02,speed,0.5,0.13322559902204112,0.06422241292574088
9,professional,Pair9_song2_take2,0.02,bounce,0.03333333333333333,0.2591089121504326,0.10641389800601403
9,professional,Pair9_song3_take1,0.0,speed,-0.8666666666666667,0.2429801338671955,-0.030002094570834886
9,professional,Pair9_song3_take1,0.0,bounce,0.0,0.4332231715632288,0.07676867133132347
9,professional,Pair9_song3_take1,0.005,speed,-0.06666666666666667,0.15610797090470896,-0.06364200735082323
9,professional,Pair9_song3_take1,0.005,bounce,0.0,0.42121052071387327,0.07523970123817236
9,professional,Pair9_song3_take1,0.02,speed,-0.1,0.1518655606173067,-0.05189807385108225
9,professional,Pair9_song3_take1,0.02,bounce,0.0,0.34526373381823194,0.058928716376162774
9,professional,Pair9_song3_take2,0.0,speed,0.8333333333333334,0.2934747603466964,0.08957754898500055
9,professional,Pair9_song3_take2,0.0,bounce,0.06666666666666667,0.34008369750944506,0.14685541799527757
9,professional,Pair9_song3_take2,0.005,speed,0.4666666666666667,0.11097373450348585,0.051200067603160926
9,professional,Pair9_song3_take2,0.005,bounce,0.06666666666666667,0.3365177506237803,0.14355874670222551
9,professional,Pair9_song3_take2,0.02,speed,0.43333333333333335,0.11322890974938975,0.03585691531557693
9,professional,Pair9_song3_take2,0.02,bounce,0.06666666666666667,0.2608329833148546,0.1129755572217151
9,professional,Pair9_song4_take1,0.0,speed,1.0,0.23588544316958437,0.011695640858085138
9,professional,Pair9_song4_take1,0.0,bounce,0.03333333333333333,0.4315704791843342,0.10613883266369678
9,professional,Pair9_song4_take1,0.005,speed,-0.8666666666666667,0.16687079720311693,0.044282525263722776
9,professional,Pair9_song4_take1,0.005,bounce,0.03333333333333333,0.4291949010704128,0.10466515277765105
9,professional,Pair9_song4_take1,0.02,speed,-0.9,0.12717170513461032,0.030519875812371686
9,professional,Pair9_song4_take1,0.02,bounce,0.0,0.32968104970947687,0.08200132377685113
9,professional,Pair9_song4_take2,0.0,speed,0.03333333333333333,0.35953250943843956,0.05771173491934045
9,professional,Pair9_song4_take2,0.0,bounce,0.0,0.3294532891426227,0.08712195111042872
9,professional,Pair9_song4_take2,0.005,speed,0.03333333333333333,0.13959498460483247,0.05022690110904236
9,professional,Pair9_song4_take2,0.005,bounce,0.0,0.3238455323012578,0.08731893851042132
9,professional,Pair9_song4_take2,0.02,speed,0.9,0.12158826889752439,0.056017001113441815
9,professional,Pair9_song4_take2,0.02,bounce,0.0,0.27119585602477647,0.08259693648951796
