video,kind,start_s,end_s,dur_s,lifted,dancer,drop_bl,peak_down_speed_bl_s,in_contact
dGPRMNAECKM,contact,0.5672333333333334,2.736066666666667,2.168833333333333,,,,,
dGPRMNAECKM,contact,4.037366666666666,5.1051,1.0677333333333334,,,,,
dGPRMNAECKM,contact,5.7057,7.841166666666667,2.135466666666667,,,,,
dGPRMNAECKM,contact,8.541866666666667,9.542866666666667,1.0010000000000001,,,,,
dGPRMNAECKM,contact,9.9099,10.777433333333333,0.8675333333333334,,,,,
dGPRMNAECKM,contact,16.349666666666668,17.751066666666667,1.4014,,,,,
dGPRMNAECKM,contact,21.354666666666667,22.389033333333334,1.0343666666666667,,,,,
dGPRMNAECKM,contact,27.6276,29.295933333333334,1.6683333333333334,,,,,
dGPRMNAECKM,contact,30.663966666666667,31.031,0.3670333333333333,,,,,
dGPRMNAECKM,contact,31.2312,31.5315,0.3003,,,,,
dGPRMNAECKM,contact,32.49913333333333,32.79943333333333,0.3003,,,,,
dGPRMNAECKM,contact,33.06636666666667,33.80043333333333,0.7340666666666666,,,,,
dGPRMNAECKM,contact,43.77706666666667,44.31093333333333,0.5338666666666667,,,,,
dGPRMNAECKM,contact,47.7477,48.548500000000004,0.8008000000000001,,,,,
dGPRMNAECKM,contact,48.782066666666665,50.517133333333334,1.7350666666666668,,,,,
dGPRMNAECKM,contact,51.98526666666667,52.3523,0.3670333333333333,,,,,
dGPRMNAECKM,contact,52.752700000000004,54.3543,1.6016000000000001,,,,,
dGPRMNAECKM,contact,54.98826666666667,56.890166666666666,1.9019,,,,,
dGPRMNAECKM,weight_share,43.77706666666667,44.1441,0.3670333333333333,A,,,,
dGPRMNAECKM,weight_share,49.682966666666665,50.01663333333333,0.33366666666666667,A,,,,
dGPRMNAECKM,descent,34.501133333333335,35.00163333333333,0.5005000000000001,,A,0.6723331531494763,3.183332052367902,False
dGPRMNAECKM,descent,34.3343,36.536500000000004,2.2022,,B,0.8058039614666919,2.218577538590558,False
hJQgFDsAms4,contact,1.2345666666666666,6.4064000000000005,5.171833333333334,,,,,
hJQgFDsAms4,contact,8.8088,9.376033333333334,0.5672333333333334,,,,,
hJQgFDsAms4,contact,9.9099,11.378033333333333,1.4681333333333333,,,,,
hJQgFDsAms4,contact,11.745066666666666,15.9159,4.170833333333333,,,,,
hJQgFDsAms4,contact,18.084733333333332,18.885533333333335,0.8008000000000001,,,,,
hJQgFDsAms4,contact,19.352666666666668,19.7197,0.3670333333333333,,,,,
hJQgFDsAms4,contact,21.2212,21.9219,0.7007,,,,,
hJQgFDsAms4,contact,22.288933333333333,23.223200000000002,0.9342666666666667,,,,,
hJQgFDsAms4,contact,23.890533333333334,25.859166666666667,1.9686333333333335,,,,,
hJQgFDsAms4,contact,26.393033333333335,26.960266666666666,0.5672333333333334,,,,,
hJQgFDsAms4,contact,51.551500000000004,52.18546666666667,0.6339666666666667,,,,,
hJQgFDsAms4,contact,52.88616666666667,53.38666666666667,0.5005000000000001,,,,,
hJQgFDsAms4,contact,56.7567,57.323933333333336,0.5672333333333334,,,,,
hJQgFDsAms4,descent,31.031,31.698333333333334,0.6673333333333333,,A,1.1127493104415662,10.937133759232026,False
hJQgFDsAms4,descent,37.17046666666667,37.370666666666665,0.20020000000000002,,A,0.8459028912609574,,False
hJQgFDsAms4,descent,28.1281,28.194833333333335,0.06673333333333334,,B,0.8407144036970555,29.91790766982566,False
hJQgFDsAms4,descent,38.872166666666665,39.4394,0.5672333333333334,,B,1.6651496546320395,9.465894286125067,False
hJQgFDsAms4,descent,46.3463,46.9469,0.6006,,B,0.6859197276163582,8.716808951108359,False
hJQgFDsAms4,descent,47.280566666666665,49.215833333333336,1.9352666666666667,,B,0.6747326326772364,5.926573458217979,False
iOEZ3i9rgYM,contact,3.5035000000000003,4.537866666666667,1.0343666666666667,,,,,
iOEZ3i9rgYM,contact,4.838166666666667,7.007000000000001,2.168833333333333,,,,,
iOEZ3i9rgYM,contact,7.307300000000001,7.674333333333333,0.3670333333333333,,,,,
iOEZ3i9rgYM,contact,9.743066666666667,11.745066666666666,2.0020000000000002,,,,,
iOEZ3i9rgYM,contact,13.2132,14.7147,1.5015,,,,,
iOEZ3i9rgYM,contact,15.849166666666667,17.083733333333335,1.2345666666666666,,,,,
iOEZ3i9rgYM,contact,17.484133333333332,19.152466666666665,1.6683333333333334,,,,,
iOEZ3i9rgYM,contact,19.7197,23.790433333333333,4.070733333333333,,,,,
iOEZ3i9rgYM,contact,24.357666666666667,25.258566666666667,0.9009,,,,,
iOEZ3i9rgYM,contact,29.029,29.462766666666667,0.4337666666666667,,,,,
iOEZ3i9rgYM,contact,34.46776666666667,35.30193333333333,0.8341666666666667,,,,,
iOEZ3i9rgYM,contact,35.80243333333333,38.338300000000004,2.5358666666666667,,,,,
iOEZ3i9rgYM,contact,38.638600000000004,44.344300000000004,5.7057,,,,,
iOEZ3i9rgYM,contact,45.67896666666667,48.114733333333334,2.435766666666667,,,,,
iOEZ3i9rgYM,contact,48.3483,50.050000000000004,1.7017,,,,,
iOEZ3i9rgYM,contact,50.31693333333333,50.68396666666667,0.3670333333333333,,,,,
iOEZ3i9rgYM,contact,54.88816666666667,55.221833333333336,0.33366666666666667,,,,,
iOEZ3i9rgYM,contact,55.48876666666667,55.822433333333336,0.33366666666666667,,,,,
iOEZ3i9rgYM,contact,57.857800000000005,59.526133333333334,1.6683333333333334,,,,,
iOEZ3i9rgYM,weight_share,46.146100000000004,46.78006666666667,0.6339666666666667,B,,,,
iOEZ3i9rgYM,weight_share,47.647600000000004,47.947900000000004,0.3003,B,,,,
kxztAr2tQmE,contact,7.007000000000001,7.540866666666667,0.5338666666666667,,,,,
kxztAr2tQmE,contact,8.1081,8.5085,0.40040000000000003,,,,,
kxztAr2tQmE,contact,9.009,10.3103,1.3013000000000001,,,,,
kxztAr2tQmE,contact,10.677333333333333,15.1151,4.437766666666667,,,,,
kxztAr2tQmE,contact,15.949266666666666,16.4164,0.46713333333333334,,,,,
kxztAr2tQmE,contact,16.683333333333334,18.051366666666667,1.3680333333333334,,,,,
kxztAr2tQmE,contact,25.492133333333335,25.8258,0.33366666666666667,,,,,
kxztAr2tQmE,contact,30.597233333333335,30.9309,0.33366666666666667,,,,,
kxztAr2tQmE,contact,37.17046666666667,39.839800000000004,2.6693333333333333,,,,,
kxztAr2tQmE,contact,40.04,40.974266666666665,0.9342666666666667,,,,,
kxztAr2tQmE,contact,41.77506666666667,42.37566666666667,0.6006,,,,,
kxztAr2tQmE,contact,42.7427,43.043,0.3003,,,,,
kxztAr2tQmE,contact,43.676966666666665,47.08036666666667,3.4034,,,,,
kxztAr2tQmE,contact,50.950900000000004,51.6516,0.7007,,,,,
kxztAr2tQmE,contact,52.685966666666666,53.653600000000004,0.9676333333333333,,,,,
kxztAr2tQmE,contact,54.82143333333333,55.321933333333334,0.5005000000000001,,,,,
kxztAr2tQmE,contact,57.99126666666667,59.99326666666667,2.0020000000000002,,,,,
kxztAr2tQmE,weight_share,25.492133333333335,25.8258,0.33366666666666667,B,,,,
kxztAr2tQmE,weight_share,30.6306,30.9309,0.3003,B,,,,
kxztAr2tQmE,weight_share,58.29156666666667,58.72533333333333,0.4337666666666667,A,,,,
kxztAr2tQmE,descent,23.590233333333334,24.591233333333335,1.0010000000000001,,A,1.0157065591740218,1.8719853435604823,False
kxztAr2tQmE,descent,31.498133333333335,32.46576666666667,0.9676333333333333,,A,0.9899553628903397,6.322937753511333,False
kxztAr2tQmE,descent,31.197833333333335,33.36666666666667,2.168833333333333,,B,1.1426916765868724,4.37139782497647,False
kxztAr2tQmE,descent,35.1351,35.8358,0.7007,,B,0.6645821632523281,3.6033455978535,False
swmrAJkYrlY,contact,2.7076717365869967,4.412502089252883,1.7048303526658868,,,,,
swmrAJkYrlY,contact,6.150760488049474,6.685609226140732,0.5348487380912585,,,,,
swmrAJkYrlY,contact,19.655691124853753,20.223967909075714,0.5682767842219623,,,,,
swmrAJkYrlY,contact,21.594517800434566,22.29650676917934,0.7019889687447769,,,,,
swmrAJkYrlY,contact,27.878990473006855,28.313555072706002,0.4345645996991476,,,,,
swmrAJkYrlY,contact,53.718870132040784,54.05315059334782,0.3342804613070366,,,,,
swmrAJkYrlY,contact,56.961390606719036,58.66622095938492,1.7048303526658868,,,,,
swmrAJkYrlY,contact,58.93364532843056,59.63563429717533,0.7019889687447769,,,,,
swmrAJkYrlY,contact,66.15410329266254,68.89520307538025,2.7410997827177,,,,,
swmrAJkYrlY,contact,77.45278288484039,77.78706334614742,0.3342804613070366,,,,,
swmrAJkYrlY,contact,78.25505599197727,78.62276449941501,0.36770850743774025,,,,,
swmrAJkYrlY,contact,85.843222463647,86.37807120173827,0.5348487380912585,,,,,
swmrAJkYrlY,contact,88.81831856927963,90.55657696807621,1.7382583987965905,,,,,
swmrAJkYrlY,contact,91.52599030586663,92.52883168978774,1.0028413839211099,,,,,
swmrAJkYrlY,contact,93.39796088918602,94.0330937656694,0.6351328764833696,,,,,
swmrAJkYrlY,contact,95.16964733411332,95.47049974928966,0.30085241517633293,,,,,
swmrAJkYrlY,contact,103.79408323583486,105.23148921945513,1.4374059836202575,,,,,
swmrAJkYrlY,contact,106.23433060337624,106.96974761825172,0.7354170148754805,,,,,
swmrAJkYrlY,contact,107.30402807955875,110.21226809292997,2.9082400133712185,,,,,
swmrAJkYrlY,contact,110.74711683102123,111.449105799766,0.7019889687447769,,,,,
swmrAJkYrlY,contact,113.2876483369547,114.49105799766004,1.2034096607053317,,,,,
swmrAJkYrlY,contact,115.69446765836537,116.22931639645662,0.5348487380912585,,,,,
swmrAJkYrlY,contact,117.33244191876985,117.63329433394618,0.30085241517633293,,,,,
swmrAJkYrlY,contact,120.30753802440248,121.84522814641484,1.5376901220123684,,,,,
swmrAJkYrlY,contact,122.24636469998329,125.38860103626943,3.1422363362861443,,,,,
swmrAJkYrlY,contact,126.62543874310546,127.42771185024236,0.8022731071368878,,,,,
swmrAJkYrlY,contact,127.62828012702658,128.33026909577134,0.7019889687447769,,,,,
swmrAJkYrlY,contact,128.63112151094768,129.83453117165303,1.2034096607053317,,,,,
swmrAJkYrlY,contact,130.30252381748286,130.737088417182,0.4345645996991476,,,,,
swmrAJkYrlY,contact,131.60621761658032,134.3138893531673,2.7076717365869967,,,,,
swmrAJkYrlY,contact,134.68159786060505,135.2164465986963,0.5348487380912585,,,,,
swmrAJkYrlY,contact,135.51729901387264,136.0855757980946,0.5682767842219623,,,,,
swmrAJkYrlY,contact,136.28614407487882,136.9547049974929,0.6685609226140732,,,,,
swmrAJkYrlY,contact,141.43406317900718,141.90205582483705,0.4679926458298513,,,,,
swmrAJkYrlY,contact,142.23633628614408,142.5706167474511,0.3342804613070366,,,,,
swmrAJkYrlY,contact,143.87431054654857,147.1168310212268,3.242520474678255,,,,,
swmrAJkYrlY,contact,149.25622597359185,149.62393448102958,0.36770850743774025,,,,,
swmrAJkYrlY,contact,150.39277954203578,151.26190874143407,0.8691291993982952,,,,,
swmrAJkYrlY,contact,151.89704161791744,153.13387932475348,1.2368377068360354,,,,,
swmrAJkYrlY,contact,154.37071703158952,158.08123015209762,3.7105131205081063,,,,,
swmrAJkYrlY,contact,159.6523483202407,160.48804947350828,0.8357011532675915,,,,,
swmrAJkYrlY,contact,162.66087247200403,166.83937823834196,4.178505766337958,,,,,
swmrAJkYrlY,contact,168.97877319070702,169.7141902055825,0.7354170148754805,,,,,
swmrAJkYrlY,contact,170.98445595854923,171.41902055824838,0.4345645996991476,,,,,
swmrAJkYrlY,contact,172.05415343473175,172.88985458799934,0.8357011532675915,,,,,
swmrAJkYrlY,contact,178.10462978438912,184.05482199565435,5.950192211265252,,,,,
swmrAJkYrlY,contact,184.5896707337456,186.59535350158785,2.0056827678422198,,,,,
swmrAJkYrlY,contact,187.43105465485542,187.76533511616248,0.3342804613070366,,,,,
swmrAJkYrlY,contact,188.40046799264584,190.53986294501087,2.139394952365034,,,,,
swmrAJkYrlY,weight_share,66.22095938492396,67.25722881497576,1.0362694300518136,B,,,,
swmrAJkYrlY,weight_share,184.79023901052983,185.15794751796759,0.36770850743774025,B,,,,
swmrAJkYrlY,descent,159.58549222797927,159.9197726892863,0.3342804613070366,,A,2.6165593775123415,1.3399752956701376,False
swmrAJkYrlY,descent,184.72338291826844,184.82366705666055,0.10028413839211098,,A,1.0655240728032886,1.4944863699553006,False
swmrAJkYrlY,descent,186.2610730402808,186.3613571786729,0.10028413839211098,,A,1.2800250757324796,-0.7037916138480266,True
swmrAJkYrlY,descent,15.209760989470166,16.81430720374394,1.6045462142737756,,B,0.7771551670026249,2.093885570356965,False
swmrAJkYrlY,descent,186.59535350158785,186.66220959384924,0.06685609226140732,,B,1.8495701928855937,,False
zQRF2sLK1vY,contact,4.8048,11.8118,7.007000000000001,,,,,
zQRF2sLK1vY,contact,13.3133,17.350666666666665,4.037366666666666,,,,,
zQRF2sLK1vY,contact,18.985633333333332,20.186833333333333,1.2012,,,,,
zQRF2sLK1vY,contact,22.655966666666668,23.223200000000002,0.5672333333333334,,,,,
zQRF2sLK1vY,contact,25.992633333333334,26.459766666666667,0.46713333333333334,,,,,
zQRF2sLK1vY,contact,32.098733333333335,32.4324,0.33366666666666667,,,,,
zQRF2sLK1vY,contact,32.699333333333335,33.36666666666667,0.6673333333333333,,,,,
zQRF2sLK1vY,contact,36.36966666666667,37.137100000000004,0.7674333333333333,,,,,
zQRF2sLK1vY,contact,37.40403333333333,38.1381,0.7340666666666666,,,,,
zQRF2sLK1vY,contact,38.37166666666667,38.8388,0.46713333333333334,,,,,
zQRF2sLK1vY,contact,39.7397,40.04,0.3003,,,,,
zQRF2sLK1vY,contact,40.5405,41.67496666666667,1.1344666666666667,,,,,
zQRF2sLK1vY,contact,51.051,52.519133333333336,1.4681333333333333,,,,,
zQRF2sLK1vY,contact,54.120733333333334,55.822433333333336,1.7017,,,,,
zQRF2sLK1vY,contact,57.724333333333334,58.42503333333333,0.7007,,,,,
zQRF2sLK1vY,weight_share,32.7327,33.3333,0.6006,A,,,,
zQRF2sLK1vY,weight_share,40.57386666666667,41.1411,0.5672333333333334,B,,,,
zQRF2sLK1vY,descent,19.486133333333335,20.086733333333335,0.6006,,A,0.6785023559570879,3.3407867433421945,True
zQRF2sLK1vY,descent,29.996633333333335,30.463766666666668,0.46713333333333334,,A,0.6813226183080574,4.310000039309156,False
zQRF2sLK1vY,descent,46.8468,49.449400000000004,2.6026000000000002,,A,0.9939104936056308,0.6571032748853117,False
zQRF2sLK1vY,descent,54.1541,54.6546,0.5005000000000001,,A,0.6692839135916021,3.3170250778139283,True
zQRF2sLK1vY,descent,19.953266666666668,20.186833333333333,0.23356666666666667,,B,0.6134263834461822,2.4876925204243614,True
zQRF2sLK1vY,descent,29.9299,30.263566666666666,0.33366666666666667,,B,0.8518115847736274,5.799430824936235,False
zQRF2sLK1vY,descent,47.31393333333333,47.78106666666667,0.46713333333333334,,B,0.6563961619972288,2.4511030281084043,False
zQRF2sLK1vY,descent,54.52113333333333,54.82143333333333,0.3003,,B,0.6611365244867198,6.655209745216683,True
Rc9vIJt00vs,contact,0.4337666666666667,0.95095,0.5171833333333333,,,,,
Rc9vIJt00vs,contact,1.8184833333333335,4.05405,2.2355666666666667,,,,,
Rc9vIJt00vs,contact,5.088416666666666,6.039366666666667,0.95095,,,,,
Rc9vIJt00vs,contact,6.639966666666667,7.7911166666666665,1.1511500000000001,,,,,
Rc9vIJt00vs,contact,12.846166666666667,13.2132,0.3670333333333333,,,,,
Rc9vIJt00vs,contact,14.2142,14.5145,0.3003,,,,,
Rc9vIJt00vs,contact,15.76575,17.000316666666667,1.2345666666666666,,,,,
Rc9vIJt00vs,contact,17.7177,18.018,0.3003,,,,,
Rc9vIJt00vs,contact,18.284933333333335,19.86985,1.5849166666666668,,,,,
Rc9vIJt00vs,contact,21.404716666666666,22.389033333333334,0.9843166666666667,,,,,
Rc9vIJt00vs,contact,23.440083333333334,24.190833333333334,0.75075,,,,,
Rc9vIJt00vs,contact,24.641283333333334,26.893533333333334,2.25225,,,,,
Rc9vIJt00vs,contact,28.1281,29.646283333333333,1.5181833333333334,,,,,
Rc9vIJt00vs,contact,34.76806666666667,35.50213333333333,0.7340666666666666,,,,,
Rc9vIJt00vs,contact,36.28625,37.137100000000004,0.85085,,,,,
Rc9vIJt00vs,contact,37.38735,38.17146666666667,0.7841166666666667,,,,,
Rc9vIJt00vs,contact,45.32861666666667,47.79775,2.469133333333333,,,,,
Rc9vIJt00vs,contact,48.481766666666665,48.915533333333336,0.4337666666666667,,,,,
Rc9vIJt00vs,contact,54.070683333333335,54.73801666666667,0.6673333333333333,,,,,
Rc9vIJt00vs,contact,55.23851666666667,55.688966666666666,0.45045,,,,,
Rc9vIJt00vs,contact,59.5595,59.943216666666665,0.38371666666666665,,,,,
Rc9vIJt00vs,contact,63.012950000000004,64.03063333333334,1.0176833333333333,,,,,
Rc9vIJt00vs,contact,65.53213333333333,67.3673,1.8351666666666666,,,,,
Rc9vIJt00vs,contact,73.1731,73.70696666666667,0.5338666666666667,,,,,
Rc9vIJt00vs,contact,77.99458333333334,78.74533333333333,0.75075,,,,,
Rc9vIJt00vs,contact,79.67960000000001,80.4804,0.8008000000000001,,,,,
Rc9vIJt00vs,contact,82.43235,82.74933333333334,0.31698333333333334,,,,,
Rc9vIJt00vs,contact,84.75133333333333,85.15173333333334,0.40040000000000003,,,,,
Rc9vIJt00vs,contact,85.36861666666667,85.80238333333334,0.4337666666666667,,,,,
Rc9vIJt00vs,contact,88.10468333333334,88.52176666666666,0.41708333333333336,,,,,
Rc9vIJt00vs,contact,88.72196666666667,89.45603333333334,0.7340666666666666,,,,,
Rc9vIJt00vs,weight_share,34.968266666666665,35.41871666666667,0.45045,B,,,,
Rc9vIJt00vs,weight_share,59.5595,59.943216666666665,0.38371666666666665,A,,,,
Rc9vIJt00vs,weight_share,77.99458333333334,78.31156666666666,0.31698333333333334,A,,,,
Rc9vIJt00vs,weight_share,80.02995,80.46371666666667,0.4337666666666667,A,,,,
Rc9vIJt00vs,weight_share,88.10468333333334,88.52176666666666,0.41708333333333336,B,,,,
Rc9vIJt00vs,descent,28.695333333333334,29.1291,0.4337666666666667,,A,0.6504524725446456,13.851925598713393,True
Rc9vIJt00vs,descent,30.48045,31.36466666666667,0.8842166666666667,,A,0.9355019092188551,-25.75095614638647,False
Rc9vIJt00vs,descent,34.5345,34.617916666666666,0.08341666666666667,,A,0.815404928792034,29.271444306923357,False
Rc9vIJt00vs,descent,54.28756666666667,54.671283333333335,0.38371666666666665,,A,1.008094260436267,2.305479166864969,False
Rc9vIJt00vs,descent,59.92653333333333,61.694966666666666,1.7684333333333333,,A,1.6936838327273365,1.9227739986783985,False
Rc9vIJt00vs,descent,62.712650000000004,63.012950000000004,0.3003,,A,2.4908542813939163,,False
Rc9vIJt00vs,descent,64.79806666666667,65.1651,0.3670333333333333,,A,0.8322796799223259,8.70373130333354,False
Rc9vIJt00vs,descent,73.69028333333334,75.69228333333334,2.0020000000000002,,A,1.2357182652446368,-2.5968644719922382,False
Rc9vIJt00vs,descent,78.02795,78.22815,0.20020000000000002,,A,0.8963618808114353,,False
Rc9vIJt00vs,descent,31.08105,31.948583333333335,0.8675333333333334,,B,0.6902655516045898,8.087723253629733,False
Rc9vIJt00vs,descent,38.88885,42.29225,3.4034,,B,0.7448267065841092,5.743337686247541,False
Rc9vIJt00vs,descent,54.10405,54.187466666666666,0.08341666666666667,,B,0.7894296412808552,50.97306385182054,False
Rc9vIJt00vs,descent,59.70965,60.727333333333334,1.0176833333333333,,B,1.5989561169865831,70.3046528254994,False
Rc9vIJt00vs,descent,73.9739,74.02395,0.050050000000000004,,B,0.931173194615319,4.317246218356892,False
Rc9vIJt00vs,descent,75.32525,75.79238333333333,0.46713333333333334,,B,0.7128366573901738,20.979438979600456,False
Rc9vIJt00vs,descent,88.60518333333333,88.65523333333333,0.050050000000000004,,B,0.8441200088919011,-0.2590362462374717,False
vinlwkaIW4c,contact,0.4166666666666667,1.7083333333333333,1.2916666666666667,,,,,
vinlwkaIW4c,contact,2.0,3.375,1.375,,,,,
vinlwkaIW4c,contact,7.625,8.208333333333334,0.5833333333333334,,,,,
vinlwkaIW4c,contact,12.083333333333334,13.166666666666666,1.0833333333333333,,,,,
vinlwkaIW4c,contact,15.833333333333334,16.708333333333332,0.875,,,,,
vinlwkaIW4c,contact,17.375,18.0,0.625,,,,,
vinlwkaIW4c,contact,18.958333333333332,19.625,0.6666666666666666,,,,,
vinlwkaIW4c,contact,20.375,20.833333333333332,0.4583333333333333,,,,,
vinlwkaIW4c,contact,22.416666666666668,23.875,1.4583333333333333,,,,,
vinlwkaIW4c,contact,24.875,25.375,0.5,,,,,
vinlwkaIW4c,contact,36.375,38.083333333333336,1.7083333333333333,,,,,
vinlwkaIW4c,contact,38.375,38.708333333333336,0.3333333333333333,,,,,
vinlwkaIW4c,contact,40.166666666666664,40.708333333333336,0.5416666666666666,,,,,
vinlwkaIW4c,contact,42.583333333333336,43.291666666666664,0.7083333333333334,,,,,
vinlwkaIW4c,contact,47.75,48.708333333333336,0.9583333333333334,,,,,
vinlwkaIW4c,contact,49.5,50.666666666666664,1.1666666666666667,,,,,
vinlwkaIW4c,contact,52.666666666666664,54.083333333333336,1.4166666666666667,,,,,
vinlwkaIW4c,contact,63.666666666666664,64.625,0.9583333333333334,,,,,
vinlwkaIW4c,contact,66.375,67.25,0.875,,,,,
vinlwkaIW4c,contact,67.5,67.91666666666667,0.4166666666666667,,,,,
vinlwkaIW4c,contact,68.25,70.29166666666667,2.0416666666666665,,,,,
vinlwkaIW4c,contact,70.58333333333333,72.20833333333333,1.625,,,,,
vinlwkaIW4c,contact,74.33333333333333,74.91666666666667,0.5833333333333334,,,,,
vinlwkaIW4c,contact,75.33333333333333,75.70833333333333,0.375,,,,,
vinlwkaIW4c,contact,76.16666666666667,77.45833333333333,1.2916666666666667,,,,,
vinlwkaIW4c,contact,78.70833333333333,82.54166666666667,3.8333333333333335,,,,,
vinlwkaIW4c,contact,87.20833333333333,89.16666666666667,1.9583333333333333,,,,,
vinlwkaIW4c,contact,89.5,89.91666666666667,0.4166666666666667,,,,,
vinlwkaIW4c,weight_share,16.25,16.708333333333332,0.4583333333333333,B,,,,
vinlwkaIW4c,weight_share,17.375,17.958333333333332,0.5833333333333334,B,,,,
vinlwkaIW4c,weight_share,89.5,89.91666666666667,0.4166666666666667,B,,,,
vinlwkaIW4c,descent,3.375,4.375,1.0,,A,0.7424047883373565,8.467524740790296,False
vinlwkaIW4c,descent,13.916666666666666,14.166666666666666,0.25,,A,0.679773926779557,3.7765612450887076,False
vinlwkaIW4c,descent,43.291666666666664,43.5,0.20833333333333334,,A,0.6783867033675134,10.149204332544631,False
vinlwkaIW4c,descent,54.333333333333336,54.708333333333336,0.375,,A,0.7281962967156618,11.642638683813281,False
vinlwkaIW4c,descent,62.333333333333336,64.16666666666667,1.8333333333333333,,A,0.6163351259653077,7.955362372965716,False
vinlwkaIW4c,descent,1.8333333333333333,4.416666666666667,2.5833333333333335,,B,0.8340982864988781,13.953365120855565,True
vinlwkaIW4c,descent,9.791666666666666,11.25,1.4583333333333333,,B,0.7528328723106753,10.12351673409049,False
vinlwkaIW4c,descent,12.75,13.25,0.5,,B,0.6707532888187153,4.603177632269894,True
vinlwkaIW4c,descent,13.791666666666666,14.833333333333334,1.0416666666666667,,B,1.077344717837178,,False
vinlwkaIW4c,descent,56.416666666666664,57.208333333333336,0.7916666666666666,,B,1.0562940967548706,3.8609525672974954,False
