video,fps,minutes_both_visible,contact_frac,contact_bouts_per_min,contact_bout_median_s,weight_share_per_min,weight_share_median_s,frac_standing,frac_middle,frac_floor
zQRF2sLK1vY,29.97002997002997,0.6083855555555555,0.6179159049360147,24.655417708434165,0.7674333333333333,3.287389027791222,0.5839166666666666,0.5208098987626547,0.27634045744281965,0.2028496437945257
kxztAr2tQmE_full,15.0,0.5988888888888888,0.6252319109461967,36.734693877551024,0.5333333333333333,3.3395176252319114,0.4666666666666667,0.7492937853107344,0.1553672316384181,0.09533898305084745
swmrAJkYrlY_full,15.0,2.29,0.4546336729742843,18.777292576419214,0.9333333333333333,0.4366812227074236,0.8666666666666667,0.8642222222222222,0.1288888888888889,0.006888888888888889
hJQgFDsAms4_full,15.0,2.5166666666666666,0.6066225165562914,32.18543046357616,0.7333333333333333,1.1920529801324504,0.6,0.5823745700391413,0.2136164156090618,0.20400901435179694
iOEZ3i9rgYM_full,15.0,2.3400000000000003,0.8708452041785375,21.367521367521366,1.5,2.564102564102564,0.4666666666666667,0.8176845943482224,0.07602552415679124,0.10628988149498633
dGPRMNAECKM_full,15.0,1.3455555555555556,0.7308009909165979,37.902559867877784,0.8666666666666667,4.459124690338563,0.3333333333333333,0.4542406972846128,0.33053972510895074,0.21521957760643648
Rc9vIJt00vs_full,15.0,1.791111111111111,0.6296526054590571,33.49875930521092,0.8666666666666667,6.141439205955335,0.5333333333333333,0.6080705009276438,0.22077922077922077,0.17115027829313545
vinlwkaIW4c_full,15.0,1.9322222222222223,0.5014376078205866,28.982173663024724,0.6666666666666666,3.105232892466935,0.5,0.7052183173588924,0.18615548455804046,0.10862619808306709
kMkJpfUGZz8_full,15.0,2.2288888888888887,0.5867397806580259,19.292123629112663,1.3333333333333333,1.794616151545364,0.5666666666666667,0.5067694230368673,0.2555717558841908,0.2376588210789419
uS1JQ-LY8Fs_full,15.0,5.032222222222222,0.32722455288143076,14.506513579156547,0.9333333333333333,0.1987193640980349,0.3333333333333333,0.7689592577652279,0.17335619201290844,0.057684550221863654
