video,0,1,2,3,4,5,6,7,8,9
Rc9vIJt00vs_full,0.065,0.265,0.002,0.078,0.065,0.212,0.107,0.042,0.089,0.076
dGPRMNAECKM_full,0.102,0.177,0.0,0.1,0.188,0.08,0.114,0.055,0.055,0.127
hJQgFDsAms4_full,0.078,0.173,0.015,0.085,0.071,0.165,0.093,0.094,0.095,0.131
iOEZ3i9rgYM_full,0.049,0.329,0.0,0.08,0.132,0.104,0.006,0.122,0.087,0.091
kMkJpfUGZz8_full,0.065,0.243,0.211,0.023,0.057,0.113,0.062,0.01,0.076,0.141
kxztAr2tQmE_full,0.079,0.14,0.067,0.012,0.14,0.091,0.006,0.055,0.348,0.061
swmrAJkYrlY_full,0.002,0.264,0.286,0.029,0.043,0.15,0.005,0.141,0.067,0.012
uS1JQ-LY8Fs_full,0.025,0.178,0.229,0.0,0.058,0.385,0.015,0.085,0.02,0.004
vinlwkaIW4c_full,0.044,0.061,0.033,0.077,0.187,0.103,0.072,0.117,0.207,0.099
zQRF2sLK1vY,0.082,0.245,0.038,0.025,0.157,0.075,0.113,0.075,0.107,0.082
