word,trunk_tilt,inverted,knee_L,knee_R,hip_L,hip_R,elbow_L,elbow_R,arm_up_L,arm_up_R,level,stance_width,contact,dist_bl,rel_level,motion,n
0,5.82,-1.25,170.52,170.45,169.81,168.11,149.29,157.72,-0.81,-0.78,1.56,0.38,1.0,0.03,0.01,0.91,414
1,28.77,-0.91,80.25,81.91,84.0,87.17,149.11,143.58,-0.86,-0.81,0.62,0.48,0.0,0.32,-0.01,1.37,101
2,3.26,-1.24,167.3,167.33,170.51,171.5,144.33,151.59,-0.71,-0.75,1.31,0.43,0.0,3.58,-0.02,0.92,176
3,68.06,-0.1,141.69,147.17,94.9,104.65,157.1,149.9,-0.94,-0.92,1.42,0.65,0.0,0.02,0.25,1.81,110
4,4.45,-1.35,164.74,168.01,170.94,170.6,78.97,79.73,-0.29,-0.28,1.6,0.46,1.0,0.07,0.03,1.06,188
5,79.2,-0.18,135.58,137.62,141.1,146.76,124.72,136.15,-0.31,-0.14,0.21,0.14,0.0,0.04,-0.03,1.89,74
6,6.83,-1.29,168.41,170.1,166.5,167.67,148.6,154.58,-0.8,-0.82,1.55,0.41,0.0,0.29,0.03,1.03,280
7,63.91,-0.41,114.14,132.44,66.89,81.28,158.4,157.18,-3.32,-2.73,2.82,0.92,1.0,0.04,0.51,5.9,11
8,6.64,-2.01,172.07,171.27,170.64,169.38,156.88,155.7,-1.51,-1.46,2.36,0.6,1.0,0.02,0.21,1.0,115
9,22.77,-1.06,158.92,161.1,138.86,149.97,145.68,146.6,-0.62,-0.58,1.51,1.17,0.0,0.03,-0.01,1.49,234
