seq,start_s,end_s,dur_s,noise_m,travel_leader_m,travel_follower_m,main_regions,grip_frac
Pair1_song1_take1,67.56666666666666,70.36666666666666,2.8,0.009901439638819983,0.08752436818427606,0.07571102202453386,hand-trunk,0.42424242424242425
Pair1_song3_take1,70.1,71.8,1.7,0.007081792972515422,0.16080006170281078,0.04083752973286302,trunk-hand,0.21212121212121213
Pair1_song3_take1,114.46666666666667,117.63333333333334,3.1666666666666665,0.007081792972515422,0.42774576370842543,0.25964611095700185,hand-trunk,0.6753246753246753
Pair1_song4_take2,21.566666666666666,30.633333333333333,9.066666666666666,0.008391911439848462,0.14844911399655564,0.27280578554429435,trunk-hand,0.5078740157480315
Pair1_song4_take2,55.166666666666664,56.833333333333336,1.6666666666666667,0.008391911439848462,0.1703358361165426,0.1912979093284497,hand-forearm,1.0
Pair1_song4_take2,109.26666666666667,111.36666666666666,2.1,0.008391911439848462,0.03819468105514316,0.08651765710943692,forearm-hand,0.4444444444444444
Pair2_song4_take1,0.5,2.6333333333333333,2.1333333333333333,0.008663996780199775,0.17446289305511434,0.19881120717947645,hand-trunk,0.0
Pair2_song4_take1,23.766666666666666,25.833333333333332,2.066666666666667,0.008663996780199775,0.042842542058714544,0.13609495661325471,hand-forearm,0.0
Pair2_song4_take1,35.7,37.46666666666667,1.7666666666666666,0.008663996780199775,0.06026200684853987,0.21557174303688767,hand-trunk,0.2857142857142857
Pair2_song4_take1,41.56666666666667,44.7,3.1333333333333333,0.008663996780199775,0.0637503785741976,0.20784686660009785,hand-trunk,0.23684210526315788
Pair2_song4_take1,46.766666666666666,49.266666666666666,2.5,0.008663996780199775,0.2623872431549003,0.350777216117255,hand-trunk,0.0
Pair2_song4_take1,51.166666666666664,53.666666666666664,2.5,0.008663996780199775,0.2253350608986241,0.13159884242908476,hand-trunk,0.2631578947368421
Pair2_song4_take1,56.86666666666667,59.63333333333333,2.7666666666666666,0.008663996780199775,0.31522724554129006,0.3974424979710424,hand-forearm,0.26153846153846155
Pair2_song4_take1,63.36666666666667,65.06666666666666,1.7,0.008663996780199775,0.1905881660651958,0.07618870384893828,hand-trunk,0.0
Pair2_song4_take1,76.6,78.4,1.8,0.008663996780199775,0.028558784266076755,0.15546452499489596,hand-trunk,0.7222222222222222
Pair2_song4_take1,106.3,108.0,1.7,0.008663996780199775,0.0399640828559508,0.04824779486535436,hand-trunk,0.030303030303030304
Pair2_song4_take1,111.36666666666666,113.5,2.1333333333333333,0.008663996780199775,0.08061197103137638,0.12187969745946879,hand-trunk,0.43478260869565216
Pair3_song1_take1,0.0,5.666666666666667,5.666666666666667,0.0071712463093571545,0.09163901161083259,0.07209501921168389,forearm-forearm,0.9605263157894737
Pair3_song1_take1,10.566666666666666,12.766666666666667,2.2,0.0071712463093571545,0.043141760581814036,0.053767633688907523,hand-trunk,0.0
Pair3_song1_take1,15.666666666666666,18.233333333333334,2.566666666666667,0.0071712463093571545,0.08229484965781292,0.06047931660357461,trunk-hand,1.0
Pair3_song1_take1,19.633333333333333,21.233333333333334,1.6,0.0071712463093571545,,,hand-trunk,0.6333333333333333
Pair3_song1_take1,25.266666666666666,30.333333333333332,5.066666666666666,0.0071712463093571545,0.34007160650993173,0.3176158124169004,hand-trunk,0.47761194029850745
Pair3_song1_take1,45.93333333333333,48.46666666666667,2.533333333333333,0.0071712463093571545,0.048136678224428214,0.027573937343983595,trunk-hand,0.4482758620689655
Pair3_song1_take1,53.3,61.3,8.0,0.0071712463093571545,0.16703037922652617,0.27673931781602745,trunk-hand,0.8918918918918919
Pair3_song1_take1,69.13333333333334,71.0,1.8666666666666667,0.0071712463093571545,0.1134660607530383,0.16186043953140317,trunk-hand,1.0
Pair3_song1_take1,74.2,76.06666666666666,1.8666666666666667,0.0071712463093571545,0.07790932815641599,0.01736463875028079,trunk-hand,0.868421052631579
Pair3_song1_take1,79.4,81.03333333333333,1.6333333333333333,0.0071712463093571545,,,trunk-hand,1.0
Pair3_song1_take1,89.06666666666666,91.23333333333333,2.1666666666666665,0.0071712463093571545,0.1728690808367156,0.1371674310753003,forearm-forearm,1.0
Pair3_song1_take1,99.4,101.2,1.8,0.0071712463093571545,0.15568740667111455,0.1251941848211989,forearm-forearm,1.0
Pair3_song1_take1,104.46666666666667,106.43333333333334,1.9666666666666666,0.0071712463093571545,0.14777134732188696,0.2144429384891041,trunk-forearm,1.0
Pair3_song1_take1,109.63333333333334,112.5,2.8666666666666667,0.0071712463093571545,0.210587315469171,0.34730669690258875,forearm-trunk,0.9411764705882353
Pair3_song1_take1,116.23333333333333,118.83333333333333,2.6,0.0071712463093571545,0.07643163118222676,0.05288281873895621,trunk-hand,0.11666666666666667
Pair3_song1_take1,121.73333333333333,123.96666666666667,2.2333333333333334,0.0071712463093571545,0.06578324894737483,0.1468700703533451,trunk-hand,0.7755102040816326
Pair3_song1_take2,5.8,8.5,2.7,0.007844907740356588,0.09769902837567905,0.0710792076779048,trunk-hand,0.5714285714285714
Pair3_song1_take2,11.566666666666666,13.633333333333333,2.066666666666667,0.007844907740356588,0.14871332582798566,0.2512287786382096,trunk-hand,1.0
Pair3_song1_take2,16.733333333333334,18.5,1.7666666666666666,0.007844907740356588,0.1860167707465797,0.1518977007846085,trunk-forearm,1.0
Pair3_song1_take2,23.266666666666666,26.233333333333334,2.966666666666667,0.007844907740356588,0.07653448651189582,0.09333895859630173,hand-trunk,1.0
Pair3_song1_take2,36.333333333333336,38.733333333333334,2.4,0.007844907740356588,0.12157330224286358,0.08459576051478865,trunk-hand,0.2222222222222222
Pair3_song1_take2,41.56666666666667,43.2,1.6333333333333333,0.007844907740356588,0.13524429015633177,0.1771184745560814,trunk-hand,1.0
Pair3_song1_take2,48.666666666666664,51.36666666666667,2.7,0.007844907740356588,0.013610735659274769,0.026789683324175053,trunk-hand,1.0
Pair3_song1_take2,64.7,66.86666666666666,2.1666666666666665,0.007844907740356588,0.30006279088810905,0.5137814793522462,hand-trunk,0.9361702127659575
Pair3_song1_take2,79.0,83.73333333333333,4.733333333333333,0.007844907740356588,0.17551104417461044,0.2827192660009026,trunk-hand,0.08870967741935484
Pair3_song1_take2,89.06666666666666,91.66666666666667,2.6,0.007844907740356588,0.05815089331933736,0.02580769152473705,trunk-hand,0.23333333333333334
Pair3_song1_take2,95.0,96.63333333333334,1.6333333333333333,0.007844907740356588,,,trunk-hand,1.0
Pair3_song1_take2,100.03333333333333,101.76666666666667,1.7333333333333334,0.007844907740356588,,,trunk-hand,1.0
Pair3_song1_take2,113.06666666666666,117.0,3.933333333333333,0.007844907740356588,0.057883445752189296,0.024274268669812245,trunk-hand,0.83
Pair3_song1_take2,136.73333333333332,140.06666666666666,3.3333333333333335,0.007844907740356588,0.2121576192645412,0.5025304966175462,trunk-hand,0.2926829268292683
Pair3_song2_take1,0.0,12.633333333333333,12.633333333333333,0.004831185575976888,0.21157800739439478,0.18586036841428333,trunk-hand,0.9529085872576177
Pair3_song2_take1,32.166666666666664,33.9,1.7333333333333334,0.004831185575976888,0.12536401690442928,0.09483871100206005,trunk-hand,1.0
Pair3_song2_take1,41.06666666666667,43.86666666666667,2.8,0.004831185575976888,0.2514212603346127,0.184126050127447,hand-trunk,1.0
Pair3_song2_take1,49.06666666666667,50.7,1.6333333333333333,0.004831185575976888,0.13118140387492308,0.22591647828624545,trunk-hand,1.0
Pair3_song2_take1,67.6,69.9,2.3,0.004831185575976888,0.30203009114737245,0.25546553699854385,hand-trunk,0.9215686274509803
Pair3_song2_take1,77.7,79.46666666666667,1.7666666666666666,0.004831185575976888,0.14493651259391813,0.3243498120152341,trunk-hand,1.0
Pair3_song2_take1,87.13333333333334,88.86666666666666,1.7333333333333334,0.004831185575976888,0.24588241488512871,0.22437149541767745,trunk-hand,1.0
Pair3_song2_take1,100.56666666666666,105.4,4.833333333333333,0.004831185575976888,0.07432102770912252,0.034991700775400376,trunk-hand,0.47244094488188976
Pair3_song2_take1,119.93333333333334,121.66666666666667,1.7333333333333334,0.004831185575976888,0.17030143177132015,0.1493826125824694,trunk-hand,1.0
Pair3_song2_take1,134.06666666666666,137.63333333333333,3.566666666666667,0.004831185575976888,0.2617180919665544,0.35037374790333264,trunk-hand,0.19101123595505617
Pair3_song2_take2,0.0,1.7,1.7,0.005044276861767863,0.05665831985740082,0.024981627696321704,trunk-hand,0.2727272727272727
Pair3_song2_take2,14.5,16.233333333333334,1.7333333333333334,0.005044276861767863,0.05878830984648746,0.13952448280968452,trunk-hand,1.0
Pair3_song2_take2,41.06666666666667,42.766666666666666,1.7,0.005044276861767863,0.1210146015937474,0.21087335420070183,trunk-hand,1.0
Pair3_song2_take2,47.5,49.666666666666664,2.1666666666666665,0.005044276861767863,0.16326140959402308,0.017970529257842982,hand-trunk,1.0
Pair3_song2_take2,64.4,66.63333333333334,2.2333333333333334,0.005044276861767863,0.01176653107705435,0.03758947243495018,trunk-hand,0.30612244897959184
Pair3_song2_take2,105.4,109.36666666666666,3.966666666666667,0.005044276861767863,0.11178072742717715,0.27927236904229735,trunk-hand,0.7722772277227723
Pair3_song2_take2,128.13333333333333,130.06666666666666,1.9333333333333333,0.005044276861767863,0.03386233566869285,0.03965054509586672,trunk-hand,1.0
Pair3_song2_take2,132.56666666666666,135.33333333333334,2.7666666666666666,0.005044276861767863,0.26529093062876435,0.16512070824571773,trunk-hand,0.38461538461538464
Pair3_song3_take1,21.0,23.6,2.6,0.005997704489909717,0.061388826880999586,0.06337814730389868,trunk-hand,0.2
Pair3_song3_take1,34.8,36.766666666666666,1.9666666666666666,0.005997704489909717,0.3051248881814191,0.30994759991598253,trunk-forearm,1.0
Pair3_song3_take1,64.13333333333334,71.8,7.666666666666667,0.005997704489909717,0.2168980397657587,0.35084541098591454,trunk-hand,0.5330188679245284
Pair3_song3_take1,78.23333333333333,79.9,1.6666666666666667,0.005997704489909717,0.24341149103215826,0.49239377775226567,trunk-hand,1.0
Pair3_song3_take1,102.1,107.1,5.0,0.005997704489909717,0.0393752407734999,0.016211849969111822,trunk-hand,0.3712121212121212
Pair3_song3_take1,118.1,120.03333333333333,1.9333333333333333,0.005997704489909717,0.0557697761426246,0.07263672390591977,trunk-hand,0.775
Pair3_song3_take1,127.63333333333334,132.2,4.566666666666666,0.005997704489909717,0.09486129670454756,0.07907909479488377,hand-trunk,0.773109243697479
Pair3_song3_take1,134.6,140.23333333333332,5.633333333333334,0.005997704489909717,0.07779079736615359,0.2483983749326008,trunk-hand,1.0
Pair3_song4_take1,5.233333333333333,20.066666666666666,14.833333333333334,0.005797278173191276,0.20750564386122458,0.4537261615587953,trunk-hand,0.7166276346604216
Pair3_song4_take1,52.86666666666667,54.9,2.033333333333333,0.005797278173191276,0.11173826783757834,0.10790927460197357,forearm-forearm,1.0
Pair3_song4_take1,71.1,73.73333333333333,2.6333333333333333,0.005797278173191276,0.21569823541211855,0.48306867944816145,hand-trunk,0.9836065573770492
Pair3_song4_take1,106.3,119.13333333333334,12.833333333333334,0.005797278173191276,0.16201676468794307,0.27253412614822475,trunk-hand,0.31607629427792916
Pair3_song4_take1,132.06666666666666,136.0,3.933333333333333,0.005797278173191276,0.1287613439120605,0.16261259595354968,hand-trunk,0.32
Pair3_song4_take1,143.56666666666666,147.46666666666667,3.9,0.005797278173191276,0.08760857344108967,0.10796248033967451,trunk-hand,0.7878787878787878
Pair3_song4_take2,20.033333333333335,21.833333333333332,1.8,0.005579804172755307,0.05176226140684251,0.021437883985678082,hand-forearm,0.9444444444444444
Pair3_song4_take2,23.5,25.7,2.2,0.005579804172755307,0.10540944881496979,0.12838977120039888,trunk-hand,0.4166666666666667
Pair3_song4_take2,32.4,34.3,1.9,0.005579804172755307,0.1902282478862822,0.09092538508175114,trunk-hand,1.0
Pair3_song4_take2,67.16666666666667,68.8,1.6333333333333333,0.005579804172755307,0.08017618524924756,0.22879980014382964,hand-forearm,0.9032258064516129
Pair3_song4_take2,90.7,92.46666666666667,1.7666666666666666,0.005579804172755307,0.20418743767950595,0.18800068211686202,trunk-forearm,1.0
Pair3_song4_take2,117.1,123.1,6.0,0.005579804172755307,0.02552078869460308,0.08448383249723586,trunk-hand,0.5061728395061729
Pair3_song4_take2,135.96666666666667,138.2,2.2333333333333334,0.005579804172755307,0.06638091347437979,0.07041221753248472,trunk-hand,0.8571428571428571
Pair3_song4_take2,145.03333333333333,150.73333333333332,5.7,0.005579804172755307,0.39571921851494524,0.05985097704506684,hand-trunk,0.2222222222222222
Pair4_song1_take1,0.0,1.9,1.9,0.004164102960933918,0.1525224240620996,0.1636964798671832,trunk-hand,0.20512820512820512
Pair4_song1_take1,9.066666666666666,11.0,1.9333333333333333,0.004164102960933918,0.10848547957087036,0.030939748006462785,hand-trunk,0.0
Pair4_song1_take1,13.333333333333334,15.966666666666667,2.6333333333333333,0.004164102960933918,0.25845975502044394,0.2352390797066329,hand-trunk,0.16393442622950818
Pair4_song1_take1,21.7,23.566666666666666,1.8666666666666667,0.004164102960933918,0.027421416487606872,0.037118575038106505,hand-trunk,0.3157894736842105
Pair4_song1_take1,25.966666666666665,28.466666666666665,2.5,0.004164102960933918,0.14938925466545805,0.19160800777674716,hand-trunk,0.14035087719298245
Pair4_song1_take1,33.233333333333334,38.666666666666664,5.433333333333334,0.004164102960933918,0.31631707648121343,0.2882753475826682,hand-trunk,0.11724137931034483
Pair4_song1_take1,40.266666666666666,42.4,2.1333333333333333,0.004164102960933918,0.12383321101416632,0.2001342291646475,hand-trunk,0.5652173913043478
Pair4_song1_take1,46.0,48.7,2.7,0.004164102960933918,0.12886574364157916,0.12106242634605646,hand-trunk,0.09523809523809523
Pair4_song1_take1,52.333333333333336,56.166666666666664,3.8333333333333335,0.004164102960933918,0.21124908586552898,0.26549614677600974,hand-trunk,0.0
Pair4_song1_take1,59.166666666666664,61.266666666666666,2.1,0.004164102960933918,0.10889640586661956,0.1971890538727931,hand-trunk,0.15555555555555556
Pair4_song1_take1,62.766666666666666,65.03333333333333,2.2666666666666666,0.004164102960933918,0.1488315721155684,0.21639027354268792,hand-trunk,0.0
Pair4_song1_take1,68.86666666666666,71.36666666666666,2.5,0.004164102960933918,0.2203039454590206,0.2055972413165696,hand-trunk,0.21052631578947367
Pair4_song1_take1,76.83333333333333,78.76666666666667,1.9333333333333333,0.004164102960933918,0.018322465301063004,0.03942510323174812,hand-trunk,0.15
Pair4_song1_take1,86.0,91.9,5.9,0.004164102960933918,0.33667583103130844,0.3391961652718247,hand-trunk,0.0
Pair4_song1_take1,95.06666666666666,105.5,10.433333333333334,0.004164102960933918,0.10249011341016741,0.15547152106116754,hand-trunk,0.5152542372881356
Pair4_song1_take1,117.46666666666667,119.23333333333333,1.7666666666666666,0.004164102960933918,0.2606942513756305,0.20590270700973545,hand-trunk,0.37142857142857144
Pair4_song1_take1,131.8,134.33333333333334,2.533333333333333,0.004164102960933918,0.09016211841617451,0.09501601315694813,hand-trunk,0.10344827586206896
Pair4_song1_take1,137.5,140.23333333333332,2.7333333333333334,0.004164102960933918,0.4354030362573007,0.24360587330639674,hand-trunk,0.390625
Pair4_song1_take1,144.23333333333332,146.96666666666667,2.7333333333333334,0.004164102960933918,0.3462322414944114,0.26635838418822533,hand-trunk,0.15625
Pair4_song1_take2,0.9666666666666667,3.1666666666666665,2.2,0.004588188158041411,0.047994004679306194,0.05250087053418506,hand-trunk,0.0
Pair4_song1_take2,11.3,13.566666666666666,2.2666666666666666,0.004588188158041411,0.08426762452149548,0.04963008053984349,hand-trunk,0.0
Pair4_song1_take2,18.766666666666666,21.266666666666666,2.5,0.004588188158041411,0.1432908205201532,0.09236760586273278,hand-trunk,0.12280701754385964
Pair4_song1_take2,25.266666666666666,27.2,1.9333333333333333,0.004588188158041411,0.05243275582318826,0.11253148832576657,hand-trunk,0.15
Pair4_song1_take2,38.86666666666667,41.56666666666667,2.7,0.004588188158041411,0.45061069354643885,0.3751360341814325,trunk-hand,0.25396825396825395
Pair4_song1_take2,49.9,51.8,1.9,0.004588188158041411,0.01913119064506788,0.024826253028009122,hand-trunk,0.0
Pair4_song1_take2,52.43333333333333,54.233333333333334,1.8,0.004588188158041411,0.038602738609078945,0.057972904013720745,hand-trunk,0.0
Pair4_song1_take2,59.03333333333333,61.666666666666664,2.6333333333333333,0.004588188158041411,0.21303867978361207,0.19370204413684647,hand-trunk,0.21311475409836064
Pair4_song1_take2,64.86666666666666,77.0,12.133333333333333,0.004588188158041411,0.033727779910627434,0.06999600232182528,hand-trunk,0.7456647398843931
Pair4_song1_take2,81.26666666666667,86.83333333333333,5.566666666666666,0.004588188158041411,0.38237446107409956,0.3632824834764855,hand-trunk,0.10067114093959731
Pair4_song1_take2,90.6,92.83333333333333,2.2333333333333334,0.004588188158041411,0.1990219739263834,0.27191042653857317,hand-trunk,0.14285714285714285
Pair4_song1_take2,96.86666666666666,99.4,2.533333333333333,0.004588188158041411,0.1154409867200444,0.12335487915055518,trunk-hand,0.1896551724137931
Pair4_song1_take2,124.1,127.06666666666666,2.966666666666667,0.004588188158041411,0.4801211593440405,0.08923381952609079,hand-trunk,0.0
Pair4_song1_take2,132.76666666666668,134.56666666666666,1.8,0.004588188158041411,0.06060242869520474,0.08812791805410383,hand-trunk,0.1388888888888889
Pair4_song1_take2,144.86666666666667,147.23333333333332,2.3666666666666667,0.004588188158041411,0.17582371546301487,0.10690670551860697,hand-trunk,0.0
Pair4_song2_take1,9.233333333333333,26.333333333333332,17.1,0.00456817031917574,0.18832832769865523,0.19397451426164639,hand-trunk,0.8848484848484849
Pair4_song2_take1,28.4,32.6,4.2,0.00456817031917574,0.07931588169521246,0.1326082798248292,hand-trunk,0.1388888888888889
Pair4_song2_take1,39.93333333333333,41.93333333333333,2.0,0.00456817031917574,0.08173095443534291,0.0806227538247456,hand-trunk,0.0
Pair4_song2_take1,54.13333333333333,56.03333333333333,1.9,0.00456817031917574,0.1254756760437715,0.5475515134789227,hand-trunk,0.717948717948718
Pair4_song2_take1,59.06666666666667,61.53333333333333,2.466666666666667,0.00456817031917574,0.35845138786074365,0.37642607981680354,trunk-hand,0.21428571428571427
Pair4_song2_take1,85.16666666666667,87.53333333333333,2.3666666666666667,0.00456817031917574,0.06317883268303415,0.08014697182458852,trunk-hand,0.16981132075471697
Pair4_song2_take1,93.66666666666667,95.73333333333333,2.066666666666667,0.00456817031917574,0.15229347530781978,0.12629463559841914,hand-trunk,0.0
Pair4_song2_take1,98.03333333333333,101.66666666666667,3.6333333333333333,0.00456817031917574,0.6337213291178111,0.5269666595142481,trunk-hand,0.42857142857142855
Pair4_song2_take1,108.16666666666667,109.76666666666667,1.6,0.00456817031917574,0.060891357168001085,0.04270499596361157,hand-forearm,1.0
Pair4_song2_take1,111.9,116.3,4.4,0.00456817031917574,0.5652044581242469,0.2510986703470839,hand-trunk,0.0
Pair4_song2_take1,123.9,127.43333333333334,3.533333333333333,0.00456817031917574,0.25862470920401165,0.3243832587500285,forearm-trunk,0.10227272727272728
Pair4_song2_take1,133.93333333333334,136.6,2.6666666666666665,0.00456817031917574,0.2922191869407423,0.3006833134772355,forearm-forearm,0.016129032258064516
Pair4_song2_take1,146.03333333333333,148.06666666666666,2.033333333333333,0.00456817031917574,0.037718776305740706,0.0505141852953655,hand-trunk,0.0
Pair4_song2_take2,24.066666666666666,25.966666666666665,1.9,0.004273587765992412,0.015580213992505467,0.05403520517605682,hand-trunk,0.20512820512820512
Pair4_song2_take2,33.46666666666667,35.56666666666667,2.1,0.004273587765992412,0.033706588728267185,0.09658606977223082,hand-trunk,0.1111111111111111
Pair4_song2_take2,36.333333333333336,38.3,1.9666666666666666,0.004273587765992412,0.05912048452880855,0.0699663909037485,hand-trunk,0.7560975609756098
Pair4_song2_take2,43.666666666666664,45.4,1.7333333333333334,0.004273587765992412,0.09247939323907071,0.050633002074118416,hand-trunk,0.29411764705882354
Pair4_song2_take2,48.266666666666666,51.266666666666666,3.0,0.004273587765992412,0.3495019127854066,0.3808484450626653,hand-trunk,0.3333333333333333
Pair4_song2_take2,55.0,58.666666666666664,3.6666666666666665,0.004273587765992412,0.6151286254935739,0.5159453687410045,hand-forearm,0.5434782608695652
Pair4_song2_take2,74.7,76.36666666666666,1.6666666666666667,0.004273587765992412,0.02074162951207216,0.03385835645074662,hand-trunk,0.25
Pair4_song2_take2,85.76666666666667,88.2,2.433333333333333,0.004273587765992412,0.056275324819365306,0.05968546324046655,forearm-forearm,0.12727272727272726
Pair4_song2_take2,97.4,100.0,2.6,0.004273587765992412,0.2929570206851566,0.28417400442429225,hand-trunk,0.11666666666666667
Pair4_song2_take2,106.9,108.73333333333333,1.8333333333333333,0.004273587765992412,0.17756634046148118,0.39338187671235875,hand-trunk,0.7297297297297297
Pair4_song2_take2,111.7,114.03333333333333,2.3333333333333335,0.004273587765992412,0.043145675774868865,0.03710089788103451,hand-trunk,0.17307692307692307
Pair4_song2_take2,123.36666666666666,125.46666666666667,2.1,0.004273587765992412,0.06967426529326597,0.055512414561021656,forearm-forearm,0.0
Pair4_song2_take2,130.33333333333334,132.76666666666668,2.433333333333333,0.004273587765992412,0.08652505184955916,0.06752885430739781,trunk-hand,0.12727272727272726
Pair4_song2_take2,139.8,142.06666666666666,2.2666666666666666,0.004273587765992412,0.19317102547034884,0.1613193963664106,forearm-forearm,0.2
Pair4_song2_take2,144.96666666666667,147.8,2.8333333333333335,0.004273587765992412,0.36852311983478936,0.3439500798021109,hand-trunk,0.31343283582089554
Pair4_song3_take1,7.866666666666666,30.266666666666666,22.4,0.0038133124238144537,0.14442288518557816,0.16883926460892362,hand-trunk,0.5718654434250765
Pair4_song3_take1,37.833333333333336,40.43333333333333,2.6,0.0038133124238144537,0.3629947014848602,0.3072796341364533,hand-trunk,0.16666666666666666
Pair4_song3_take1,47.06666666666667,48.9,1.8333333333333333,0.0038133124238144537,0.03344075942888609,0.08355688143622049,hand-trunk,0.0
Pair4_song3_take1,62.56666666666667,65.63333333333334,3.066666666666667,0.0038133124238144537,0.5787156553275294,0.17295834253350437,hand-trunk,0.0945945945945946
Pair4_song3_take1,75.5,77.63333333333334,2.1333333333333333,0.0038133124238144537,0.03213101274712793,0.05760250117496185,forearm-forearm,0.0
Pair4_song3_take1,89.16666666666667,90.83333333333333,1.6666666666666667,0.0038133124238144537,,,forearm-hand,0.15625
Pair4_song3_take1,94.86666666666666,100.96666666666667,6.1,0.0038133124238144537,0.25098705148389194,0.20303057122919652,hand-trunk,0.3696969696969697
Pair4_song3_take1,102.06666666666666,104.76666666666667,2.7,0.0038133124238144537,0.35584279450425577,0.3701701879161464,hand-trunk,0.2857142857142857
Pair4_song3_take1,111.93333333333334,119.83333333333333,7.9,0.0038133124238144537,0.5580602636855462,0.11602361981207256,hand-trunk,0.0045662100456621
Pair4_song3_take1,124.0,126.23333333333333,2.2333333333333334,0.0038133124238144537,0.16322696649221774,0.17183719089399302,hand-trunk,0.061224489795918366
Pair4_song3_take1,144.93333333333334,146.56666666666666,1.6333333333333333,0.0038133124238144537,0.04634458648149099,0.07460063250521268,hand-trunk,0.0
Pair4_song3_take2,19.033333333333335,35.63333333333333,16.6,0.006899082856696208,0.0511027967164137,0.056879590720059395,forearm-hand,0.5666666666666667
Pair4_song3_take2,41.1,63.36666666666667,22.266666666666666,0.006899082856696208,0.610254815298375,0.2834875338651927,hand-trunk,0.3630769230769231
Pair4_song3_take2,68.53333333333333,71.03333333333333,2.5,0.006899082856696208,0.03826145862524984,0.07304109090784695,hand-trunk,0.14035087719298245
Pair4_song3_take2,74.73333333333333,78.6,3.8666666666666667,0.006899082856696208,0.1902121329943844,0.2083413155194411,hand-trunk,0.4387755102040816
Pair4_song3_take2,97.7,100.0,2.3,0.006899082856696208,0.1914385216721592,0.1576602273906085,hand-trunk,0.13725490196078433
Pair4_song3_take2,103.76666666666667,105.86666666666666,2.1,0.006899082856696208,0.04818960619317752,0.05374437237913104,hand-trunk,0.0
Pair4_song3_take2,119.06666666666666,121.56666666666666,2.5,0.006899082856696208,0.2381210498496889,0.15590121019462203,hand-trunk,0.21052631578947367
Pair4_song3_take2,126.33333333333333,131.2,4.866666666666666,0.006899082856696208,0.5697264064032239,0.3332332665732769,hand-trunk,0.0
Pair4_song3_take2,137.56666666666666,139.2,1.6333333333333333,0.006899082856696208,,,forearm-forearm,1.0
Pair4_song4_take1,0.0,19.8,19.8,0.005389044169923775,0.22991239049331672,0.26115475372082503,hand-trunk,0.9079861111111112
Pair4_song4_take1,35.86666666666667,58.43333333333333,22.566666666666666,0.005389044169923775,0.1125618594957695,0.29062114663367355,hand-trunk,0.8406676783004552
Pair4_song4_take1,59.43333333333333,67.16666666666667,7.733333333333333,0.005389044169923775,0.12721510606329797,0.12791719955100334,hand-trunk,0.2523364485981308
Pair4_song4_take1,84.66666666666667,87.13333333333334,2.466666666666667,0.005389044169923775,0.5013990443555496,0.19309745520147975,hand-trunk,0.5892857142857143
Pair4_song4_take1,94.53333333333333,100.0,5.466666666666667,0.005389044169923775,0.5275009595468445,0.19551349080910732,hand-trunk,0.410958904109589
Pair4_song4_take1,109.4,111.3,1.9,0.005389044169923775,0.005136053503853528,0.012234409796950996,hand-trunk,0.0
Pair4_song4_take1,117.7,119.46666666666667,1.7666666666666666,0.005389044169923775,0.13894312829940478,0.051196247526360004,hand-trunk,0.0
Pair4_song4_take1,130.76666666666668,134.53333333333333,3.7666666666666666,0.005389044169923775,0.23630504432598706,0.36808204956746,trunk-hand,0.06315789473684211
Pair4_song4_take1,140.16666666666666,142.13333333333333,1.9666666666666666,0.005389044169923775,0.008856856901500697,0.03539492775148618,hand-trunk,0.7317073170731707
Pair5_song1_take1,15.366666666666667,17.3,1.9333333333333333,0.005589527518005215,0.39931133593174584,0.3003113084219573,hand-trunk,0.125
Pair5_song1_take1,17.666666666666668,19.433333333333334,1.7666666666666666,0.005589527518005215,0.07465742930070995,0.11236607787828876,hand-trunk,0.08571428571428572
Pair5_song1_take1,26.8,29.1,2.3,0.005589527518005215,0.4399746961955984,0.3439500581123465,hand-trunk,0.5490196078431373
Pair5_song1_take1,30.433333333333334,32.766666666666666,2.3333333333333335,0.005589527518005215,0.6584640022025029,0.09166140333509108,hand-trunk,0.0
Pair5_song1_take1,42.666666666666664,47.96666666666667,5.3,0.005589527518005215,0.6307746967160337,0.03236731158680891,hand-trunk,0.5815602836879432
Pair5_song1_take1,49.53333333333333,57.3,7.766666666666667,0.005589527518005215,0.16245013356516771,0.2974825382283755,hand-trunk,0.2
Pair5_song1_take1,71.86666666666666,75.56666666666666,3.7,0.005589527518005215,0.2918439252726485,0.42358656605893996,hand-forearm,0.9247311827956989
Pair5_song1_take1,79.93333333333334,82.76666666666667,2.8333333333333335,0.005589527518005215,0.42442846667103795,0.31512579375633565,trunk-forearm,0.08955223880597014
Pair5_song1_take1,97.06666666666666,101.03333333333333,3.966666666666667,0.005589527518005215,0.19033007229370313,0.2061172523752406,hand-trunk,0.0
Pair5_song1_take1,129.0,131.23333333333332,2.2333333333333334,0.005589527518005215,0.3334120714149677,0.5444517249745044,trunk-hand,0.4489795918367347
Pair5_song1_take2,0.0,150.6,150.6,0.006150465705219225,6.781888510669378e-05,6.781888510669378e-05,head-head,1.0
Pair5_song2_take1,6.733333333333333,14.766666666666667,8.033333333333333,0.006150465705219225,0.18858202925761733,0.22392935378417733,hand-trunk,0.0
Pair5_song2_take1,19.933333333333334,21.533333333333335,1.6,0.006150465705219225,,,trunk-forearm,0.06666666666666667
Pair5_song2_take1,22.4,24.566666666666666,2.1666666666666665,0.006150465705219225,0.6759886509582422,0.5096806170685156,hand-trunk,0.0
Pair5_song2_take1,25.033333333333335,26.8,1.7666666666666666,0.006150465705219225,0.16048367004505934,0.20213709924931011,hand-trunk,0.0
Pair5_song2_take1,40.233333333333334,48.3,8.066666666666666,0.006150465705219225,0.1107453253578994,0.17846795688954922,hand-trunk,0.9553571428571429
Pair5_song2_take1,56.4,59.56666666666667,3.1666666666666665,0.006150465705219225,0.6669917703372299,0.11797409599650488,hand-trunk,0.0
Pair5_song2_take1,61.03333333333333,65.3,4.266666666666667,0.006150465705219225,0.709048040772255,0.44868302832471696,hand-trunk,0.0
Pair5_song2_take1,80.36666666666666,82.46666666666667,2.1,0.006150465705219225,0.2375149752679273,0.24607724140736575,hand-trunk,0.26666666666666666
Pair5_song2_take1,87.76666666666667,89.5,1.7333333333333334,0.006150465705219225,0.04261992866516894,0.08011388487699418,forearm-trunk,1.0
Pair5_song2_take1,89.8,93.8,4.0,0.006150465705219225,0.0790954999913037,0.17818163642838175,hand-trunk,0.38235294117647056
Pair5_song2_take1,95.1,96.83333333333333,1.7333333333333334,0.006150465705219225,0.04891929806397681,0.07050517590750328,forearm-trunk,0.0
Pair5_song2_take1,101.1,103.26666666666667,2.1666666666666665,0.006150465705219225,0.10575075016306958,0.1209518671229865,trunk-trunk,1.0
Pair5_song2_take1,116.76666666666667,120.5,3.7333333333333334,0.006150465705219225,0.5143495493033672,0.43648372603013097,trunk-forearm,0.7872340425531915
Pair5_song2_take1,126.1,128.16666666666666,2.066666666666667,0.006150465705219225,0.4229489336127737,0.269956598704789,hand-forearm,0.4772727272727273
Pair5_song2_take1,132.06666666666666,133.83333333333334,1.7666666666666666,0.006150465705219225,0.08180489090145361,0.14024081657380005,hand-trunk,0.22857142857142856
Pair5_song2_take1,138.73333333333332,141.26666666666668,2.533333333333333,0.006150465705219225,0.4465479736147202,0.06438931038996107,hand-trunk,0.5862068965517241
Pair5_song2_take1,143.4,145.2,1.8,0.006150465705219225,0.20963401576739882,0.27218392684238807,hand-trunk,0.0
Pair5_song2_take1,146.9,150.46666666666667,3.566666666666667,0.006150465705219225,0.5048379191058558,0.39010455241583275,forearm-trunk,0.4157303370786517
Pair5_song2_take2,7.5,15.8,8.3,0.005654229102700404,0.21402101753282474,0.28242921534303705,hand-trunk,0.2597402597402597
Pair5_song2_take2,33.06666666666667,35.13333333333333,2.066666666666667,0.005654229102700404,0.39024063112286145,0.3493209758145497,hand-trunk,0.0
Pair5_song2_take2,42.4,44.96666666666667,2.566666666666667,0.005654229102700404,0.08755148764868073,0.18820382895538107,hand-trunk,0.0
Pair5_song2_take2,78.96666666666667,80.56666666666666,1.6,0.005654229102700404,0.18037654631263686,0.2015041789247165,hand-trunk,0.0
Pair5_song2_take2,110.03333333333333,111.76666666666667,1.7333333333333334,0.005654229102700404,,,trunk-hand,0.38235294117647056
Pair5_song2_take2,127.1,130.0,2.9,0.005654229102700404,0.3065713418780176,0.44783967308279043,trunk-forearm,0.0
Pair5_song2_take2,147.6,149.36666666666667,1.7666666666666666,0.005654229102700404,0.1041656658007925,0.04848983428933135,trunk-trunk,0.2571428571428571
Pair5_song3_take1,4.1,10.9,6.8,0.00879430816347538,0.1033933731830253,0.10741774623030893,hand-trunk,0.8817204301075269
Pair5_song3_take1,12.533333333333333,18.533333333333335,6.0,0.00879430816347538,0.15605202705482804,0.14383123401878387,hand-trunk,0.1419753086419753
Pair5_song3_take1,74.0,75.9,1.9,0.00879430816347538,0.22738847579058957,0.6343610686360742,trunk-hand,0.07692307692307693
Pair5_song3_take1,81.33333333333333,83.83333333333333,2.5,0.00879430816347538,0.05186061176994319,0.36607319837321634,hand-trunk,0.40350877192982454
Pair5_song3_take1,84.5,94.0,9.5,0.00879430816347538,0.40946607688694364,0.4301295336983773,hand-trunk,0.11235955056179775
Pair5_song3_take1,101.73333333333333,105.2,3.466666666666667,0.00879430816347538,0.19306841875487396,0.07002209992614514,trunk-hand,0.22093023255813954
Pair5_song3_take1,119.53333333333333,122.3,2.7666666666666666,0.00879430816347538,0.40115808795219676,0.5045584453637655,hand-forearm,0.23076923076923078
Pair5_song3_take2,23.0,26.6,3.6,0.0052716928470658226,0.0857005921714775,0.17842518584377903,hand-trunk,0.0
Pair5_song3_take2,46.6,48.266666666666666,1.6666666666666667,0.0052716928470658226,0.03474416101316787,0.1318159333792057,hand-trunk,0.15625
Pair5_song3_take2,49.46666666666667,52.166666666666664,2.7,0.0052716928470658226,0.02547646847588373,0.020908846725549726,hand-trunk,0.0
Pair5_song3_take2,52.63333333333333,54.833333333333336,2.2,0.0052716928470658226,0.3089538119903637,0.4587227930313639,hand-forearm,0.3333333333333333
Pair5_song3_take2,58.233333333333334,61.3,3.066666666666667,0.0052716928470658226,0.2745058871103703,0.25088121667994095,hand-trunk,0.06756756756756757
Pair5_song3_take2,62.233333333333334,66.8,4.566666666666666,0.0052716928470658226,0.32785551373778116,0.25574985275053813,trunk-hand,0.4117647058823529
Pair5_song3_take2,106.46666666666667,109.6,3.1333333333333333,0.0052716928470658226,0.5317080752196996,0.21030708547532584,trunk-forearm,0.5263157894736842
Pair5_song3_take2,114.06666666666666,117.5,3.433333333333333,0.0052716928470658226,0.4749087158661261,0.3806286872929201,hand-trunk,1.0
Pair5_song3_take2,117.73333333333333,122.7,4.966666666666667,0.0052716928470658226,0.029944784815856978,0.1642924241935814,hand-trunk,0.04580152671755725
Pair5_song3_take2,136.46666666666667,138.26666666666668,1.8,0.0052716928470658226,0.13992352590427476,0.1042678277259744,hand-trunk,0.2777777777777778
Pair5_song4_take1,1.7333333333333334,12.066666666666666,10.333333333333334,0.005604813463652364,0.023480968579559072,0.041000451490490974,forearm-forearm,0.7431506849315068
Pair5_song4_take1,18.5,21.233333333333334,2.7333333333333334,0.005604813463652364,0.011645077731628121,0.04981402917674537,hand-trunk,0.890625
Pair5_song4_take1,38.666666666666664,42.1,3.433333333333333,0.005604813463652364,0.39690373154893266,0.21198814985495654,hand-trunk,0.18823529411764706
Pair5_song4_take1,46.0,47.63333333333333,1.6333333333333333,0.005604813463652364,0.22276066030765646,0.23337714120692504,hand-trunk,0.0
Pair5_song4_take1,51.53333333333333,55.1,3.566666666666667,0.005604813463652364,0.4085776195371708,0.09447265319124494,hand-trunk,0.0449438202247191
Pair5_song4_take1,73.93333333333334,75.8,1.8666666666666667,0.005604813463652364,0.09756085443446115,0.18256303866754817,hand-trunk,0.0
Pair5_song4_take1,95.36666666666666,97.06666666666666,1.7,0.005604813463652364,0.8048956950620273,0.7848298905987489,hand-trunk,0.0
Pair5_song4_take1,104.53333333333333,107.8,3.2666666666666666,0.005604813463652364,0.5410804608927068,0.05988088473471804,trunk-hand,0.5875
Pair5_song4_take1,115.63333333333334,119.9,4.266666666666667,0.005604813463652364,0.1576764912465485,0.1198010335181129,trunk-hand,0.5818181818181818
Pair5_song4_take1,120.76666666666667,124.53333333333333,3.7666666666666666,0.005604813463652364,1.0151618420894275,0.96066031610811,trunk-hand,0.45263157894736844
Pair5_song4_take1,147.96666666666667,150.76666666666668,2.8,0.005604813463652364,0.4685187672963781,0.18755606381392673,hand-trunk,0.13636363636363635
Pair5_song4_take2,0.0,4.133333333333334,4.133333333333334,0.0074369314096145904,0.5127872162816568,0.2692806500583827,trunk-hand,0.6886792452830188
Pair5_song4_take2,4.4,6.366666666666666,1.9666666666666666,0.0074369314096145904,0.5895345619966855,0.6690465177153667,hand-forearm,0.5609756097560976
Pair5_song4_take2,12.166666666666666,14.6,2.433333333333333,0.0074369314096145904,0.03182534685114314,0.06054290924592307,hand-trunk,0.6727272727272727
Pair5_song4_take2,18.8,20.666666666666668,1.8666666666666667,0.0074369314096145904,0.24905656410820248,0.22647533666523356,trunk-trunk,0.5
Pair5_song4_take2,23.3,26.333333333333332,3.033333333333333,0.0074369314096145904,0.08353417049985616,0.10523813589023245,hand-trunk,0.0958904109589041
Pair5_song4_take2,33.53333333333333,38.03333333333333,4.5,0.0074369314096145904,0.20209521223145768,0.2940447819808661,forearm-forearm,0.0
Pair5_song4_take2,40.56666666666667,43.5,2.933333333333333,0.0074369314096145904,0.30315212764478616,0.4392294212355154,hand-trunk,0.6
Pair5_song4_take2,45.166666666666664,47.46666666666667,2.3,0.0074369314096145904,0.3350967447603016,0.21687413668926853,trunk-forearm,0.35294117647058826
Pair5_song4_take2,50.1,52.3,2.2,0.0074369314096145904,0.12474008347234143,0.13514193551934897,hand-trunk,0.9583333333333334
Pair5_song4_take2,57.333333333333336,64.8,7.466666666666667,0.0074369314096145904,0.583550279960752,0.35640892250830575,hand-trunk,0.21359223300970873
Pair5_song4_take2,68.3,72.3,4.0,0.0074369314096145904,0.09420628622027453,0.18278590126712405,hand-trunk,0.7843137254901961
Pair5_song4_take2,76.13333333333334,77.86666666666666,1.7333333333333334,0.0074369314096145904,0.09201000577700821,0.10285246962687603,hand-trunk,0.0
Pair5_song4_take2,81.86666666666666,83.56666666666666,1.7,0.0074369314096145904,0.29573449921894757,0.18514647799543063,trunk-hand,0.36363636363636365
Pair5_song4_take2,119.83333333333333,121.43333333333334,1.6,0.0074369314096145904,0.09345369765583154,0.19325142306138185,hand-trunk,1.0
Pair5_song4_take2,136.4,138.03333333333333,1.6333333333333333,0.0074369314096145904,0.47845334128125633,0.197382795649599,hand-trunk,0.0
Pair5_song4_take2,146.93333333333334,149.16666666666666,2.2333333333333334,0.0074369314096145904,0.18862836603377442,0.43012267542869026,hand-trunk,1.0
Pair6_song1_take2,14.866666666666667,17.433333333333334,2.566666666666667,0.004402793117495678,0.2837761226521567,0.39022407418201405,trunk-hand,0.06779661016949153
Pair6_song1_take2,41.63333333333333,45.93333333333333,4.3,0.004402793117495678,0.14434682393845016,0.11657889489442491,hand-trunk,0.0
Pair6_song1_take2,49.43333333333333,51.3,1.8666666666666667,0.004402793117495678,0.2990700979697252,0.0691106075398184,trunk-forearm,0.7631578947368421
Pair6_song1_take2,57.3,59.8,2.5,0.004402793117495678,0.44103439373508013,0.35364765186815955,hand-trunk,0.0
Pair6_song1_take2,65.0,71.13333333333334,6.133333333333334,0.004402793117495678,0.2895644230810475,0.32963951051077073,hand-trunk,0.14457831325301204
Pair6_song1_take2,76.7,78.96666666666667,2.2666666666666666,0.004402793117495678,0.006331334720908543,0.05683894457992286,hand-trunk,0.26
Pair6_song1_take2,79.83333333333333,81.46666666666667,1.6333333333333333,0.004402793117495678,0.03563915782128265,0.01829116630064431,trunk-trunk,1.0
Pair6_song1_take2,87.66666666666667,91.16666666666667,3.5,0.004402793117495678,0.07624555482036346,0.13751005945214673,hand-trunk,0.1724137931034483
Pair6_song1_take2,91.76666666666667,93.8,2.033333333333333,0.004402793117495678,0.12699511332118893,0.15216027966734852,hand-trunk,0.06976744186046512
Pair6_song1_take2,95.73333333333333,97.83333333333333,2.1,0.004402793117495678,0.12224902258363167,0.12072640526847961,hand-trunk,0.0
Pair6_song1_take2,99.86666666666666,101.8,1.9333333333333333,0.004402793117495678,0.2122386139476471,0.37427336161987607,forearm-hand,0.4
Pair6_song1_take2,113.3,116.66666666666667,3.3666666666666667,0.004402793117495678,0.2237799269772051,0.41905166202564703,hand-trunk,0.4578313253012048
Pair6_song1_take2,117.6,119.23333333333333,1.6333333333333333,0.004402793117495678,0.06994482132217247,0.061887169921097857,forearm-trunk,0.5483870967741935
Pair6_song1_take2,122.53333333333333,124.3,1.7666666666666666,0.004402793117495678,0.12589322616026596,0.040666971300255025,trunk-trunk,1.0
Pair6_song1_take2,131.26666666666668,134.1,2.8333333333333335,0.004402793117495678,0.13945394582761225,0.24407691957535968,hand-trunk,0.0
Pair6_song1_take2,148.16666666666666,150.8,2.6333333333333333,0.004402793117495678,0.04819010827424015,0.1033975042818678,hand-trunk,0.7049180327868853
Pair6_song4_take2,3.3333333333333335,6.233333333333333,2.9,0.005736698011542709,0.23724703974711622,0.10313368419999358,trunk-trunk,0.0
Pair6_song4_take2,11.266666666666667,12.9,1.6333333333333333,0.005736698011542709,0.16670664303972998,0.18249583336233052,trunk-forearm,0.0
Pair6_song4_take2,19.166666666666668,22.066666666666666,2.9,0.005736698011542709,0.14215431810917273,0.2638657456519693,hand-trunk,0.0
Pair6_song4_take2,26.866666666666667,30.033333333333335,3.1666666666666665,0.005736698011542709,0.14872953612451678,0.15385650534247952,hand-trunk,0.11688311688311688
Pair6_song4_take2,30.6,32.43333333333333,1.8333333333333333,0.005736698011542709,0.0476153939221399,0.09445547978703525,hand-trunk,0.16216216216216217
Pair6_song4_take2,33.5,36.266666666666666,2.7666666666666666,0.005736698011542709,0.2506042499802297,0.11852832986656835,trunk-forearm,0.47692307692307695
Pair6_song4_take2,41.0,42.6,1.6,0.005736698011542709,0.10819829839032481,0.0771134264580562,forearm-trunk,0.5333333333333333
Pair6_song4_take2,49.833333333333336,55.93333333333333,6.1,0.005736698011542709,0.4605339957595286,0.18380112758387412,trunk-forearm,0.4
Pair6_song4_take2,62.13333333333333,64.96666666666667,2.8333333333333335,0.005736698011542709,0.4048282420346166,0.4158380101762018,trunk-hand,0.44776119402985076
Pair6_song4_take2,70.46666666666667,73.2,2.7333333333333334,0.005736698011542709,0.3792722151523911,0.3487932769719751,trunk-forearm,0.625
Pair6_song4_take2,74.86666666666666,77.46666666666667,2.6,0.005736698011542709,0.17513801545984334,0.2025865009782044,hand-trunk,0.06666666666666667
Pair6_song4_take2,100.5,102.8,2.3,0.005736698011542709,0.11186329000300073,0.0320964391034159,hand-trunk,0.0784313725490196
Pair6_song4_take2,106.9,108.5,1.6,0.005736698011542709,0.22431484444692756,0.17005356992204568,hand-trunk,0.1
Pair6_song4_take2,115.66666666666667,117.36666666666666,1.7,0.005736698011542709,0.10700780665159461,0.13387392576542304,hand-trunk,0.48484848484848486
Pair6_song4_take2,120.06666666666666,124.66666666666667,4.6,0.005736698011542709,0.16440308291199393,0.20534618092349802,hand-trunk,0.16666666666666666
Pair6_song4_take2,127.86666666666666,130.16666666666666,2.3,0.005736698011542709,0.12316897081808068,0.07621097952983026,hand-trunk,0.0
Pair6_song4_take2,130.5,135.16666666666666,4.666666666666667,0.005736698011542709,0.6356096327047032,0.316575750455632,hand-trunk,0.03278688524590164
Pair6_song4_take2,136.7,138.93333333333334,2.2333333333333334,0.005736698011542709,0.27743127138073226,0.3733882566840661,hand-trunk,0.1836734693877551
Pair7_song1_take1,2.1,14.133333333333333,12.033333333333333,0.00999246764048138,0.08173095073167969,0.06202585545932175,hand-trunk,0.5276967930029155
Pair7_song1_take1,21.7,24.633333333333333,2.933333333333333,0.00999246764048138,0.2303213788968694,0.4971842624543202,trunk-hand,0.4714285714285714
Pair7_song1_take1,24.9,27.266666666666666,2.3666666666666667,0.00999246764048138,0.28127636144262697,0.41450062459458814,hand-trunk,0.20754716981132076
Pair7_song1_take1,27.5,29.666666666666668,2.1666666666666665,0.00999246764048138,0.12897479520268224,0.1622378893648127,hand-trunk,0.1702127659574468
Pair7_song1_take1,33.86666666666667,36.733333333333334,2.8666666666666667,0.00999246764048138,0.1905819420854018,0.05756721675225657,hand-trunk,0.029411764705882353
Pair7_song1_take1,40.96666666666667,44.333333333333336,3.3666666666666667,0.00999246764048138,0.08625648079000017,0.07959085372530153,hand-forearm,0.9397590361445783
Pair7_song1_take1,47.7,49.833333333333336,2.1333333333333333,0.00999246764048138,0.153683691469402,0.1555991786467606,hand-trunk,0.1956521739130435
Pair7_song1_take1,59.63333333333333,61.9,2.2666666666666666,0.00999246764048138,0.22925651405794661,0.10298806744825136,hand-trunk,1.0
Pair7_song1_take1,65.66666666666667,67.4,1.7333333333333334,0.00999246764048138,0.180482576878012,0.15926621351096248,hand-trunk,0.9411764705882353
Pair7_song1_take1,76.9,79.06666666666666,2.1666666666666665,0.00999246764048138,0.43318345993195057,0.07335203678000639,hand-trunk,0.1702127659574468
Pair7_song1_take1,89.9,97.2,7.3,0.00999246764048138,0.2106489195041871,0.27573341557249187,hand-trunk,0.8905472636815921
Pair7_song1_take1,105.26666666666667,107.06666666666666,1.8,0.00999246764048138,0.12061345346839492,0.23461321197661397,forearm-trunk,0.6944444444444444
Pair7_song1_take1,115.4,117.6,2.2,0.00999246764048138,0.1008332560693709,0.09477735106262844,hand-trunk,0.0
Pair7_song1_take1,121.13333333333334,124.5,3.3666666666666667,0.00999246764048138,0.4765356803498446,0.24444090165560697,hand-trunk,0.7228915662650602
Pair7_song1_take1,125.03333333333333,129.1,4.066666666666666,0.00999246764048138,0.20835725322639925,0.11390555590979769,hand-trunk,0.5192307692307693
Pair7_song1_take1,136.4,138.63333333333333,2.2333333333333334,0.00999246764048138,0.3990421913782325,0.35804665107448685,trunk-hand,0.6530612244897959
Pair7_song1_take1,140.33333333333334,142.76666666666668,2.433333333333333,0.00999246764048138,0.4875703766057057,0.4985766614554503,trunk-hand,0.43636363636363634
Pair7_song1_take2,9.0,10.933333333333334,1.9333333333333333,0.008041968166381143,0.10140506481695603,0.0898515402230802,hand-trunk,0.225
Pair7_song1_take2,22.3,25.9,3.6,0.008041968166381143,0.1447606848608196,0.277279767124505,hand-trunk,0.25555555555555554
Pair7_song1_take2,29.466666666666665,32.333333333333336,2.8666666666666667,0.008041968166381143,0.5224783787246673,0.2972234072628218,hand-trunk,0.6176470588235294
Pair7_song1_take2,36.43333333333333,38.56666666666667,2.1333333333333333,0.008041968166381143,0.11723242204273852,0.09743382482501547,trunk-hand,0.34782608695652173
Pair7_song1_take2,68.03333333333333,70.3,2.2666666666666666,0.008041968166381143,0.17243215686189245,0.2024485700009207,hand-trunk,0.0
Pair7_song1_take2,96.3,100.06666666666666,3.7666666666666666,0.008041968166381143,0.24609683027193308,0.04660258435722712,forearm-trunk,0.6947368421052632
Pair7_song1_take2,107.4,109.0,1.6,0.008041968166381143,0.15053745172992306,0.11872091528121384,trunk-trunk,1.0
Pair7_song1_take2,139.6,143.7,4.1,0.008041968166381143,0.04001877722849477,0.2563539754232918,forearm-hand,1.0
Pair7_song1_take2,144.53333333333333,146.9,2.3666666666666667,0.008041968166381143,0.3045692452919104,0.18502046759287286,trunk-hand,0.3018867924528302
Pair7_song2_take2,25.733333333333334,32.666666666666664,6.933333333333334,0.007769499753183387,0.1533159438174895,0.139526219777262,hand-trunk,0.5421052631578948
Pair7_song2_take2,42.46666666666667,44.2,1.7333333333333334,0.007769499753183387,0.16854388437831125,0.09940573885224174,trunk-forearm,1.0
Pair7_song2_take2,44.86666666666667,47.06666666666667,2.2,0.007769499753183387,0.38968412021661275,0.2237344001572599,forearm-forearm,0.20833333333333334
Pair7_song2_take2,70.9,72.96666666666667,2.066666666666667,0.007769499753183387,0.10506898757157294,0.1521273848218292,hand-forearm,1.0
Pair7_song2_take2,105.16666666666667,107.93333333333334,2.7666666666666666,0.007769499753183387,0.5625219524651638,0.27274927976489755,hand-trunk,0.3076923076923077
Pair7_song2_take2,109.9,112.8,2.9,0.007769499753183387,0.2785462273475175,0.256833933865465,hand-trunk,0.5797101449275363
Pair7_song2_take2,113.16666666666667,117.13333333333334,3.966666666666667,0.007769499753183387,0.18957299551990117,0.13210367977442938,hand-forearm,0.9108910891089109
Pair7_song2_take2,120.46666666666667,129.16666666666666,8.7,0.007769499753183387,0.03680251161599772,0.07177600782737127,hand-trunk,0.3333333333333333
Pair7_song3_take1,2.1,14.133333333333333,12.033333333333333,0.00999246764048138,0.08173095073167969,0.06202585545932175,hand-trunk,0.5276967930029155
Pair7_song3_take1,21.7,24.633333333333333,2.933333333333333,0.00999246764048138,0.2303213788968694,0.4971842624543202,trunk-hand,0.4714285714285714
Pair7_song3_take1,24.9,27.266666666666666,2.3666666666666667,0.00999246764048138,0.28127636144262697,0.41450062459458814,hand-trunk,0.20754716981132076
Pair7_song3_take1,27.5,29.666666666666668,2.1666666666666665,0.00999246764048138,0.12897479520268224,0.1622378893648127,hand-trunk,0.1702127659574468
Pair7_song3_take1,33.86666666666667,36.733333333333334,2.8666666666666667,0.00999246764048138,0.1905819420854018,0.05756721675225657,hand-trunk,0.029411764705882353
Pair7_song3_take1,40.96666666666667,44.333333333333336,3.3666666666666667,0.00999246764048138,0.08625648079000017,0.07959085372530153,hand-forearm,0.9397590361445783
Pair7_song3_take1,47.7,49.833333333333336,2.1333333333333333,0.00999246764048138,0.153683691469402,0.1555991786467606,hand-trunk,0.1956521739130435
Pair7_song3_take1,59.63333333333333,61.9,2.2666666666666666,0.00999246764048138,0.22925651405794661,0.10298806744825136,hand-trunk,1.0
Pair7_song3_take1,65.66666666666667,67.4,1.7333333333333334,0.00999246764048138,0.180482576878012,0.15926621351096248,hand-trunk,0.9411764705882353
Pair7_song3_take1,76.9,79.06666666666666,2.1666666666666665,0.00999246764048138,0.43318345993195057,0.07335203678000639,hand-trunk,0.1702127659574468
Pair7_song3_take1,89.9,97.2,7.3,0.00999246764048138,0.2106489195041871,0.27573341557249187,hand-trunk,0.8905472636815921
Pair7_song3_take1,105.26666666666667,107.06666666666666,1.8,0.00999246764048138,0.12061345346839492,0.23461321197661397,forearm-trunk,0.6944444444444444
Pair7_song3_take1,115.4,117.6,2.2,0.00999246764048138,0.1008332560693709,0.09477735106262844,hand-trunk,0.0
Pair7_song3_take1,121.13333333333334,124.5,3.3666666666666667,0.00999246764048138,0.4765356803498446,0.24444090165560697,hand-trunk,0.7228915662650602
Pair7_song3_take1,125.03333333333333,129.1,4.066666666666666,0.00999246764048138,0.20835725322639925,0.11390555590979769,hand-trunk,0.5192307692307693
Pair7_song3_take1,136.4,138.63333333333333,2.2333333333333334,0.00999246764048138,0.3990421913782325,0.35804665107448685,trunk-hand,0.6530612244897959
Pair7_song3_take1,140.33333333333334,142.76666666666668,2.433333333333333,0.00999246764048138,0.4875703766057057,0.4985766614554503,trunk-hand,0.43636363636363634
Pair8_song1_take2,138.6,144.03333333333333,5.433333333333334,0.0030255176708797273,0.2084790214471676,0.3294471432509319,trunk-hand,0.4
Pair8_song2_take1,95.4,97.0,1.6,0.00449467087146249,0.5019778528198021,0.3952888721728089,hand-trunk,1.0
Pair8_song2_take2,71.93333333333334,74.26666666666667,2.3333333333333335,0.009138085862371591,0.05757922754395702,0.07059417765069353,hand-trunk,0.5961538461538461
Pair8_song2_take2,86.4,88.0,1.6,0.009138085862371591,0.04247875516107236,0.081468392822738,hand-trunk,1.0
Pair8_song2_take2,93.43333333333334,95.93333333333334,2.5,0.009138085862371591,0.17078969366316626,0.2714191324370372,hand-trunk,0.7719298245614035
Pair8_song2_take2,100.83333333333333,102.6,1.7666666666666666,0.009138085862371591,0.05745980475442186,0.11558009640675758,forearm-hand,1.0
Pair8_song2_take2,132.86666666666667,146.16666666666666,13.3,0.009138085862371591,0.32530689467772517,0.08302225415939096,hand-trunk,0.6351706036745407
Pair8_song3_take2,48.86666666666667,50.86666666666667,2.0,0.007204626441284075,0.026366877001402004,0.051016160436531684,forearm-hand,1.0
Pair8_song3_take2,58.93333333333333,61.93333333333333,3.0,0.007204626441284075,0.16451283019312563,0.2550639760522658,hand-trunk,0.7777777777777778
Pair8_song4_take1,21.066666666666666,23.1,2.033333333333333,0.004694753420783319,0.28138253521767026,0.13837707442527414,hand-trunk,0.0
Pair8_song4_take1,94.36666666666666,95.96666666666667,1.6,0.004694753420783319,,,hand-trunk,0.2
Pair8_song4_take2,36.53333333333333,39.333333333333336,2.8,0.005923238049254734,0.061460096448102935,0.10159226367996163,hand-trunk,0.9242424242424242
Pair8_song4_take2,114.8,117.93333333333334,3.1333333333333333,0.005923238049254734,0.036272176982364936,0.18548932255397876,forearm-hand,1.0
Pair9_song1_take1,0.06666666666666667,1.6666666666666667,1.6,0.004183360335996793,0.15560023350075192,0.023158372125880507,trunk-hand,0.5666666666666667
Pair9_song1_take1,20.6,22.3,1.7,0.004183360335996793,0.06785251012667415,0.027440333433583788,hand-trunk,0.0
Pair9_song1_take1,27.0,31.666666666666668,4.666666666666667,0.004183360335996793,0.040650206616777144,0.06399993234882197,forearm-forearm,0.2786885245901639
Pair9_song1_take1,37.93333333333333,39.8,1.8666666666666667,0.004183360335996793,0.5144107212939543,0.40695617148477253,hand-trunk,0.0
Pair9_song1_take1,43.93333333333333,46.6,2.6666666666666665,0.004183360335996793,0.5060718742013947,0.06779215245257947,hand-trunk,0.0967741935483871
Pair9_song1_take1,62.36666666666667,65.83333333333333,3.466666666666667,0.004183360335996793,0.1810489944836953,0.48804037009134693,hand-trunk,0.23255813953488372
Pair9_song1_take1,69.8,72.0,2.2,0.004183360335996793,0.027144376611337152,0.05136527655207077,hand-trunk,0.0
Pair9_song1_take1,78.66666666666667,81.86666666666666,3.2,0.004183360335996793,0.43370812738283293,0.42826123605715744,hand-trunk,0.15384615384615385
Pair9_song1_take1,95.03333333333333,97.9,2.8666666666666667,0.004183360335996793,0.290010509711188,0.31992134249705845,hand-trunk,0.22058823529411764
Pair9_song1_take1,119.13333333333334,123.83333333333333,4.7,0.004183360335996793,0.21417407192243895,0.41902414175559144,forearm-hand,0.7317073170731707
Pair9_song1_take1,129.03333333333333,131.63333333333333,2.6,0.004183360335996793,0.4216468092903453,0.24200392104150284,hand-trunk,0.03333333333333333
Pair9_song1_take2,5.033333333333333,7.3,2.2666666666666666,0.0029456812415939886,0.31282687768744827,0.231551725838528,trunk-hand,0.0
Pair9_song1_take2,10.233333333333333,11.966666666666667,1.7333333333333334,0.0029456812415939886,0.005704457633082845,0.013612119850621588,hand-trunk,0.5588235294117647
Pair9_song1_take2,20.866666666666667,23.033333333333335,2.1666666666666665,0.0029456812415939886,0.04086606565032696,0.3572647413259335,hand-forearm,0.5531914893617021
Pair9_song1_take2,25.933333333333334,32.166666666666664,6.233333333333333,0.0029456812415939886,0.3238344504604806,0.5525772938065047,hand-trunk,0.591715976331361
Pair9_song1_take2,33.166666666666664,34.766666666666666,1.6,0.0029456812415939886,,,hand-forearm,0.23333333333333334
Pair9_song1_take2,55.03333333333333,56.733333333333334,1.7,0.0029456812415939886,0.033847453603096406,0.049228808041331784,hand-trunk,0.0
Pair9_song1_take2,75.16666666666667,77.86666666666666,2.7,0.0029456812415939886,0.4385017427287585,0.20834649892281373,hand-trunk,0.0
Pair9_song1_take2,103.53333333333333,105.16666666666667,1.6333333333333333,0.0029456812415939886,0.06249993403257735,0.037292402198803226,hand-trunk,0.0
Pair9_song1_take2,110.83333333333333,113.76666666666667,2.933333333333333,0.0029456812415939886,0.45532906988484756,0.2763252578239561,trunk-hand,0.0
Pair9_song1_take2,125.96666666666667,128.1,2.1333333333333333,0.0029456812415939886,0.3984454904396839,0.3891915711201688,hand-trunk,0.0
Pair9_song1_take2,144.06666666666666,147.13333333333333,3.066666666666667,0.0029456812415939886,0.374246434326522,0.5226420411867515,forearm-trunk,0.013513513513513514
Pair9_song1_take2,148.46666666666667,150.86666666666667,2.4,0.0029456812415939886,0.19428389437871488,0.12661956820666692,hand-trunk,0.05555555555555555
Pair9_song2_take1,4.633333333333334,7.8,3.1666666666666665,0.005702030780191218,0.4257464683519032,0.546522129383545,hand-trunk,0.37662337662337664
Pair9_song2_take1,12.6,14.633333333333333,2.033333333333333,0.005702030780191218,0.05915615047390705,0.0854659486959346,hand-trunk,0.09302325581395349
Pair9_song2_take1,15.466666666666667,17.8,2.3333333333333335,0.005702030780191218,0.6028972823988769,0.35708370737386885,hand-trunk,0.0
Pair9_song2_take1,19.666666666666668,22.333333333333332,2.6666666666666665,0.005702030780191218,0.20825947331409347,0.4618289239383482,trunk-trunk,0.14516129032258066
Pair9_song2_take1,35.56666666666667,37.2,1.6333333333333333,0.005702030780191218,0.046274237210792504,0.06456647525442658,hand-trunk,0.0
Pair9_song2_take1,39.93333333333333,44.233333333333334,4.3,0.005702030780191218,0.3058193519309955,0.5508536871966978,hand-trunk,0.4144144144144144
Pair9_song2_take1,45.333333333333336,49.56666666666667,4.233333333333333,0.005702030780191218,0.11898632954970567,0.10585109169035538,hand-trunk,0.027522935779816515
Pair9_song2_take1,53.1,58.86666666666667,5.766666666666667,0.005702030780191218,0.3977602875825001,0.38634355319943514,hand-trunk,0.6258064516129033
Pair9_song2_take1,76.03333333333333,77.7,1.6666666666666667,0.005702030780191218,0.10434278710612939,0.044036983812304795,hand-trunk,0.0
Pair9_song2_take1,78.96666666666667,82.33333333333333,3.3666666666666667,0.005702030780191218,0.469963724971354,0.30631022875362407,trunk-hand,0.5060240963855421
Pair9_song2_take1,86.06666666666666,88.26666666666667,2.2,0.005702030780191218,0.1601976113234097,0.0076888359451022245,trunk-hand,0.16666666666666666
Pair9_song2_take1,113.96666666666667,115.63333333333334,1.6666666666666667,0.005702030780191218,0.080112749500177,0.0654682926013478,trunk-hand,0.0
Pair9_song2_take1,119.7,122.3,2.6,0.005702030780191218,0.592541303526983,0.10247435274382684,hand-trunk,0.7
Pair9_song2_take1,141.9,143.86666666666667,1.9666666666666666,0.005702030780191218,0.07081619991947463,0.17250247335431068,hand-trunk,0.04878048780487805
Pair9_song2_take2,21.833333333333332,24.166666666666668,2.3333333333333335,0.0033782216053213515,0.12910719770952234,0.08355891086992395,hand-trunk,0.0
Pair9_song2_take2,26.533333333333335,28.133333333333333,1.6,0.0033782216053213515,,,trunk-hand,0.0
Pair9_song2_take2,39.166666666666664,40.96666666666667,1.8,0.0033782216053213515,0.12144746206230228,0.07704265796250634,hand-trunk,0.7777777777777778
Pair9_song2_take2,45.233333333333334,47.733333333333334,2.5,0.0033782216053213515,0.5108891069324136,0.1790846743769111,hand-trunk,0.017543859649122806
Pair9_song2_take2,72.76666666666667,74.76666666666667,2.0,0.0033782216053213515,0.25972166049065337,0.28686575917343793,trunk-hand,0.0
Pair9_song2_take2,77.4,80.53333333333333,3.1333333333333333,0.0033782216053213515,0.43023240386521633,0.5119053908714906,hand-trunk,0.19736842105263158
Pair9_song2_take2,87.33333333333333,89.7,2.3666666666666667,0.0033782216053213515,0.4722563168427979,0.3506868891036957,forearm-trunk,0.5660377358490566
Pair9_song2_take2,91.06666666666666,93.03333333333333,1.9666666666666666,0.0033782216053213515,0.21256420985144592,0.02493987596772965,trunk-hand,0.12195121951219512
Pair9_song2_take2,93.33333333333333,96.03333333333333,2.7,0.0033782216053213515,0.5365795884438663,0.2247100265870097,hand-trunk,0.14285714285714285
Pair9_song2_take2,117.03333333333333,119.23333333333333,2.2,0.0033782216053213515,0.3567684457516653,0.3931095389563066,hand-trunk,0.5
Pair9_song2_take2,124.0,125.9,1.9,0.0033782216053213515,0.06963753523950184,0.08232927847561701,hand-trunk,0.9230769230769231
Pair9_song2_take2,131.43333333333334,134.6,3.1666666666666665,0.0033782216053213515,0.07089215979953896,0.08641519306744758,hand-trunk,0.07792207792207792
Pair9_song2_take2,135.06666666666666,137.6,2.533333333333333,0.0033782216053213515,0.4241278149083568,0.4514189368307258,trunk-forearm,0.3275862068965517
Pair9_song2_take2,138.53333333333333,140.3,1.7666666666666666,0.0033782216053213515,0.40047055548371147,0.31332671474799384,hand-trunk,0.22857142857142856
Pair9_song3_take1,18.766666666666666,22.533333333333335,3.7666666666666666,0.0024381042408190817,0.09792629483853527,0.2819051446364067,hand-trunk,0.5894736842105263
Pair9_song3_take1,25.633333333333333,27.766666666666666,2.1333333333333333,0.0024381042408190817,0.13636912519267436,0.23275116753774383,hand-trunk,0.0
Pair9_song3_take1,32.666666666666664,34.56666666666667,1.9,0.0024381042408190817,0.31458922139388695,0.21079696229941686,hand-trunk,0.23076923076923078
Pair9_song3_take1,36.93333333333333,39.13333333333333,2.2,0.0024381042408190817,0.3717256243386195,0.40482655736641127,trunk-forearm,0.6041666666666666
Pair9_song3_take1,39.4,42.96666666666667,3.566666666666667,0.0024381042408190817,0.5565573354801745,0.3943279680902709,hand-trunk,0.33707865168539325
Pair9_song3_take1,46.53333333333333,49.5,2.966666666666667,0.0024381042408190817,0.1977133657776998,0.2943914249929243,hand-trunk,0.1267605633802817
Pair9_song3_take1,55.333333333333336,57.2,1.8666666666666667,0.0024381042408190817,0.03230209327951668,0.031521172601561204,forearm-trunk,0.3684210526315789
Pair9_song3_take1,61.13333333333333,63.0,1.8666666666666667,0.0024381042408190817,0.02849462724356183,0.044234519862137334,hand-forearm,0.02631578947368421
Pair9_song3_take1,63.46666666666667,65.66666666666667,2.2,0.0024381042408190817,0.1572396970424492,0.2154977522649049,hand-trunk,0.0
Pair9_song3_take1,69.66666666666667,74.36666666666666,4.7,0.0024381042408190817,0.031568122615340824,0.01977334898922765,forearm-forearm,0.5934959349593496
Pair9_song3_take1,96.9,100.1,3.2,0.0024381042408190817,0.48707864438516224,0.6414049856252305,trunk-hand,0.0
Pair9_song3_take1,105.03333333333333,106.66666666666667,1.6333333333333333,0.0024381042408190817,0.13940046501650968,0.34962592713843654,trunk-trunk,0.5483870967741935
Pair9_song3_take1,124.73333333333333,127.66666666666667,2.933333333333333,0.0024381042408190817,0.36983264980634434,0.2666621964778159,forearm-trunk,0.07142857142857142
Pair9_song3_take2,3.7,9.466666666666667,5.766666666666667,0.004879088354631868,0.13474569551281726,0.08386960774236044,trunk-hand,0.567741935483871
Pair9_song3_take2,15.966666666666667,17.866666666666667,1.9,0.004879088354631868,0.13792807869271623,0.030495374389047245,trunk-hand,0.0
Pair9_song3_take2,19.9,21.7,1.8,0.004879088354631868,0.0976716693737087,0.12327031343139125,hand-trunk,0.4444444444444444
Pair9_song3_take2,29.833333333333332,31.766666666666666,1.9333333333333333,0.004879088354631868,0.038337538137149234,0.04117079313474929,hand-trunk,1.0
Pair9_song3_take2,48.6,54.833333333333336,6.233333333333333,0.004879088354631868,0.2767095471001248,0.28379611202407445,hand-trunk,0.6449704142011834
Pair9_song3_take2,67.46666666666667,69.56666666666666,2.1,0.004879088354631868,0.09237961455338065,0.2038746311011413,hand-trunk,0.0
Pair9_song3_take2,74.83333333333333,77.93333333333334,3.1,0.004879088354631868,0.4638522251990538,0.23763849551159913,hand-trunk,0.10666666666666667
Pair9_song3_take2,102.9,104.66666666666667,1.7666666666666666,0.004879088354631868,0.24320607583594445,0.25591753319378735,hand-forearm,0.14285714285714285
Pair9_song3_take2,105.86666666666666,108.33333333333333,2.466666666666667,0.004879088354631868,0.11643208220915986,0.07304513394476936,hand-trunk,0.19642857142857142
Pair9_song3_take2,113.03333333333333,114.66666666666667,1.6333333333333333,0.004879088354631868,0.037236767409507314,0.06042823417332332,hand-trunk,0.0
Pair9_song3_take2,115.56666666666666,117.2,1.6333333333333333,0.004879088354631868,0.4776330082843709,0.47277662767255285,forearm-hand,0.9032258064516129
Pair9_song3_take2,143.43333333333334,145.36666666666667,1.9333333333333333,0.004879088354631868,0.44948841989155924,0.3079211191025837,forearm-trunk,0.05
Pair9_song4_take2,19.133333333333333,21.866666666666667,2.7333333333333334,0.0064513354354120015,0.5917910845247113,0.5195799727254292,hand-trunk,0.625
Pair9_song4_take2,27.8,29.7,1.9,0.0064513354354120015,0.357531601042136,0.2642579566349553,trunk-hand,0.3076923076923077
Pair9_song4_take2,33.86666666666667,35.766666666666666,1.9,0.0064513354354120015,0.2624047018275356,0.09473738917725301,trunk-hand,0.20512820512820512
Pair9_song4_take2,37.733333333333334,41.43333333333333,3.7,0.0064513354354120015,0.31482246638289324,0.3007255719435163,hand-trunk,0.053763440860215055
Pair9_song4_take2,43.03333333333333,50.7,7.666666666666667,0.0064513354354120015,0.2746442750218818,0.2866152133896395,trunk-hand,0.30660377358490565
Pair9_song4_take2,55.86666666666667,66.26666666666667,10.4,0.0064513354354120015,0.4859150350530586,0.18875453262451103,hand-trunk,0.8197278911564626
Pair9_song4_take2,69.8,71.5,1.7,0.0064513354354120015,,,hand-forearm,0.21212121212121213
Pair9_song4_take2,72.03333333333333,74.43333333333334,2.4,0.0064513354354120015,0.24437881811257187,0.3448517622373765,hand-trunk,0.018518518518518517
Pair9_song4_take2,80.2,87.33333333333333,7.133333333333334,0.0064513354354120015,0.2693549686208059,0.19324149872063456,hand-trunk,0.1836734693877551
Pair9_song4_take2,120.96666666666667,123.66666666666667,2.7,0.0064513354354120015,0.02070520815519874,0.030886844106731152,forearm-forearm,0.25396825396825395
Pair9_song4_take2,127.43333333333334,129.73333333333332,2.3,0.0064513354354120015,0.2059893051940445,0.3555254781935942,hand-trunk,0.49019607843137253
