video,start_s,end_s,label_2d,grip_3d_frac,surface_3d_frac,travel_3d_m
salsa_Pair1_song1_take1,17.233333333333334,19.7,ROLL,0.8035714285714286,0.19642857142857142,
salsa_Pair1_song1_take1,35.0,38.36666666666667,ROLL,0.6024096385542169,0.3132530120481928,
salsa_Pair2_song2_take1,2.933333333333333,5.333333333333333,ROLL,0.9818181818181818,0.41818181818181815,
salsa_Pair2_song2_take1,7.033333333333333,11.933333333333334,ROLL,0.627906976744186,0.5348837209302325,
salsa_Pair2_song2_take1,12.3,14.4,MIXED,0.17777777777777778,0.8666666666666667,0.2207666028778985
salsa_Pair2_song2_take1,15.166666666666666,17.433333333333334,MIXED,0.74,0.14,
salsa_Pair2_song2_take1,19.033333333333335,26.433333333333334,ROLL,0.29901960784313725,0.4215686274509804,0.44560113746212426
salsa_Pair2_song2_take1,27.533333333333335,29.233333333333334,MIXED,0.09090909090909091,0.9393939393939394,0.27965184661511294
salsa_Pair2_song2_take1,37.1,39.5,MIXED,0.8888888888888888,0.14814814814814814,
salsa_Pair2_song2_take1,40.1,45.63333333333333,ROLL,0.7972972972972973,0.2702702702702703,0.07930917517058235
salsa_Pair2_song2_take1,47.5,51.2,ROLL,0.8494623655913979,0.5483870967741935,0.3842148040169344
salsa_Pair2_song2_take1,51.9,53.93333333333333,ROLL,0.2727272727272727,0.6590909090909091,
salsa_Pair5_song2_take1,1.4333333333333333,6.2,MIXED,0.496,0.544,0.5237643701394943
salsa_Pair5_song2_take1,6.8,10.033333333333333,ROLL,0.0,1.0,0.011258993042258272
salsa_Pair5_song2_take1,10.366666666666667,14.933333333333334,ROLL,0.03361344537815126,1.0,0.6883404445818476
salsa_Pair5_song2_take1,23.533333333333335,25.733333333333334,ROLL,0.0,0.7083333333333334,0.6768791025783907
salsa_Pair5_song2_take1,27.9,30.433333333333334,MIXED,0.4482758620689655,0.5689655172413793,
salsa_Pair5_song2_take1,34.36666666666667,37.43333333333333,ROLL,0.2972972972972973,0.5,
salsa_Pair5_song2_take1,38.266666666666666,41.86666666666667,MIXED,0.4666666666666667,0.5222222222222223,0.7233533056777195
salsa_Pair5_song2_take1,49.0,51.7,ROLL,0.5555555555555556,0.12698412698412698,
salsa_Pair5_song2_take1,57.03333333333333,58.666666666666664,HOLD,0.0,1.0,0.594930467813819
