t_start,t_center,t_end,n_frames,valid_fraction_A,mean_speed_u_A,median_jerk_u_A,sparc_A,ldlj_A,valid_fraction_B,mean_speed_u_B,median_jerk_u_B,sparc_B,ldlj_B,both_detected_fraction,mean_dist_torso_u,contact_fraction,mean_dir_sim,ke_transfer_r,camera_motion_p95_px
0.0,2.0,3.9688765908978363,120,0.825,2.127012784133323,288.9755770493225,,,0.03333333333333333,0.753176364416757,305.6864640163342,,,0.11666666666666667,2.845607228158073,0.0,0.6558387967444397,,8.28714303970337
1.000557123755757,3.000557123755757,4.969433714653593,120,0.9833333333333333,2.4864741889015978,368.7426284612594,,,0.0,,,,,0.0,,,,,18.246509647369383
2.001114247511514,4.001114247511514,5.96999083840935,120,0.75,2.872345737304498,489.81983495049883,,,0.0,,,,,0.0,,,,,18.254032325744628
3.001671371267271,5.001671371267271,6.970547962165107,120,0.7,2.3638290376451288,318.18722462682626,,,0.0,,,,,0.0,,,,,18.254032325744628
4.002228495023028,6.002228495023028,7.971105085920864,120,0.7,2.3468133821235337,119.4025955123523,,,0.0,,,,,0.0,,,,,18.254032325744628
5.002785618778785,7.002785618778785,8.971662209676621,120,0.7166666666666667,1.7202398939913661,116.43278385922173,,,0.0,,,,,0.0,,,,,11.937986564636226
6.003342742534542,8.003342742534542,9.972219333432378,120,0.95,1.4217377308763341,95.18576875057408,,,0.0,,,,,0.0,,,,,5.787378048896789
7.003899866290299,9.003899866290299,10.972776457188136,120,0.975,1.5165385561478573,123.30013284059953,,,0.0,,,,,0.0,,,,,5.787378048896789
8.004456990046055,10.004456990046055,11.973333580943892,120,0.875,1.356290180008524,123.62173932343504,,,0.0,,,,,0.0,,,,,5.787378048896789
9.005014113801813,11.005014113801813,12.973890704699649,120,0.875,1.3567220872282557,95.79019865019433,,,0.0,,,,,0.016666666666666666,0.8952963929410593,1.0,,,7.821345114707947
10.00557123755757,12.00557123755757,13.974447828455405,120,0.875,1.5656761875780312,102.25934310316555,,,0.2,2.126343577457819,81.04747728406144,,,0.25,1.0916748803111673,1.0,0.8254602835351381,,7.821345114707947
11.006128361313326,13.006128361313326,14.975004952211163,120,0.9,1.893437745103992,100.61733546865229,,,0.325,1.5577900802514515,68.99753280188966,,,0.4,0.9139242081895116,1.0,0.4810351672065512,,7.821345114707947
12.006685485069085,14.006685485069085,15.97556207596692,120,0.9583333333333334,1.6621135665019917,102.57063192076565,,,0.575,1.1518510456713367,74.73276042430653,,,0.6416666666666667,0.8968503185683766,0.9177215189873418,0.19713436375651072,,7.821345114707947
13.007242608824841,15.007242608824841,16.976119199722678,120,0.7083333333333334,1.6425155183398876,123.32984482436365,,,0.825,1.1296029986847753,88.57875056677089,,,0.65,0.890599706050755,0.88125,0.19713436375651072,,6.342171359062195
14.007799732580597,16.007799732580597,17.976676323478433,120,0.5166666666666667,1.7122034209842767,193.0756386257383,,,0.875,0.9904378609079411,107.65796447803072,,,0.525,0.6990986049466723,0.8515625,-0.023268814302860426,,2.6945461511611937
15.008356856336356,17.008356856336356,18.97723344723419,120,0.26666666666666666,0.8100537693577357,150.3612773819201,,,1.0,1.2460636391618432,136.69277692299784,-2.9803399235519175,-14.392876586419236,0.4166666666666667,0.7168209509005256,0.81,-0.00134246838895688,,6.11329686641693
16.00891398009211,18.00891398009211,19.97779057098995,120,0.058333333333333334,0.650509484044734,89.83691708530912,,,1.0,1.4268619778318645,176.917449590596,-2.9016952246914487,-14.783673755558436,0.18333333333333332,0.4847157060004697,0.85,0.8715447503131701,,9.325350952148437
17.00947110384787,19.00947110384787,20.978347694745704,120,0.11666666666666667,1.6167695403798146,176.95190354046073,,,1.0,2.035388492534169,224.0138080117577,-3.8132723953869987,-13.342954623368067,0.225,0.34873835264436626,1.0,0.7695166665088934,,9.325350952148437
18.010028227603627,20.010028227603627,21.978904818501462,120,0.15833333333333333,1.6734429490515939,229.84861914455576,,,0.8333333333333334,2.138640295225095,235.38923011797192,,,0.14166666666666666,0.2608902153593786,1.0,0.706343061536249,,9.325350952148437
19.01058535135938,21.01058535135938,22.97946194225722,120,0.175,1.828685223289303,229.84861914455576,,,0.7333333333333333,2.0760360155025097,278.8284185957566,,,0.10833333333333334,0.13759980263394,1.0,0.706343061536249,,9.325350952148437
20.01114247511514,22.01114247511514,23.980019066012975,120,0.39166666666666666,1.9484703973805355,215.12775648372778,,,0.5333333333333333,2.3878398877797977,312.07632033506695,,,0.19166666666666668,0.1474853703884498,1.0,0.7535195870919756,,4.552726459503174
21.011699598870898,23.011699598870898,24.980576189768733,120,0.5083333333333333,1.557932168916949,203.1738560636079,,,0.4,1.4502642387334026,274.0909156960221,,,0.25833333333333336,0.12541893928641992,1.0,0.6779485924463244,,4.055559110641479
22.012256722626653,24.012256722626653,25.98113331352449,120,0.4083333333333333,1.6595847642644461,202.92775741679225,,,0.5666666666666667,1.638027952931868,222.91260586959322,,,0.24166666666666667,0.12317286835352453,1.0,0.6309814081604276,,3.2378976583480834
23.01281384638241,25.01281384638241,26.981690437280246,120,0.4583333333333333,1.6147327904668534,202.92775741679225,,,0.525,1.6254850062420483,190.87044436026355,,,0.2916666666666667,0.2626837243441315,0.8428571428571429,0.6309814081604276,,7.306337690353393
24.01337097013817,26.01337097013817,27.982247561036004,120,0.25,1.6466815395442178,206.76678834015468,,,0.725,1.3484969636307056,163.77630928659647,,,0.275,0.35912157295963754,0.8333333333333334,0.5737409458216589,,7.306337690353393
25.013928093893924,27.013928093893924,28.982804684791763,120,0.325,1.6780921799941024,143.64487555234183,,,0.8583333333333333,1.4003497550623971,127.8919664324447,,,0.39166666666666666,1.3481226416446794,0.44565217391304346,-0.08074253068894356,,7.306337690353393
26.014485217649682,28.014485217649682,29.983361808547517,120,0.48333333333333334,3.0593420370581814,175.2650677762304,,,0.8583333333333333,1.084046988058257,97.3998472520677,,,0.6083333333333333,1.505782486719428,0.4178082191780822,-0.02160781264798733,,7.306337690353393
27.01504234140544,29.01504234140544,30.983918932303276,120,0.525,2.6831018310441785,127.49955716889768,,,1.0,1.387012455273987,99.50118558511991,-3.829356180116136,-13.159894637200901,0.7166666666666667,1.6193991592322936,0.3372093023255814,-0.03788249422715164,,7.047659635543823
28.015599465161195,30.015599465161195,31.98447605605903,120,0.6166666666666667,2.387671028276225,156.5811076389848,,,1.0,2.003717750537719,110.90253193427499,-3.598370147412844,-13.3489415451245,0.75,1.5704094456402096,0.3870967741935484,0.03215166459266982,,12.019434928894043
29.016156588916953,31.016156588916953,32.98503317981479,120,0.5083333333333333,3.001501057639691,398.79062949148533,,,0.8416666666666667,2.0732214241853355,115.61290307883,,,0.6166666666666667,1.2848961946304078,0.5194805194805194,0.16896526790762742,,12.019434928894043
30.01671371267271,32.01671371267271,33.98559030357055,120,0.475,1.5813365644809618,253.81914070973224,,,0.7333333333333333,2.592700878320786,170.49844999447808,,,0.5583333333333333,1.0573255224157299,0.6857142857142857,0.1616126279289856,,12.019434928894043
31.017270836428466,33.017270836428466,34.9861474273263,120,0.5083333333333333,1.8431569711888918,253.81914070973224,,,0.6083333333333333,2.903277198673375,233.85230333742194,,,0.5333333333333333,0.8707142841247109,0.8923076923076924,0.19225107016427231,,12.019434928894043
32.01782796018422,34.01782796018422,35.98670455108206,120,0.525,2.3480702134013196,256.3247017664454,,,0.4166666666666667,2.42876508720931,286.85171104117285,,,0.525,1.405564063430133,0.7,-0.048467763638085935,,8.233985042572021
33.01838508393998,35.01838508393998,36.98726167483782,120,0.425,2.171030280759079,228.78516621404881,,,0.325,2.6514139621198445,278.7777879099623,,,0.43333333333333335,1.8168752303779396,0.5714285714285714,-0.13672395919546718,,3.856438159942627
34.01894220769574,36.01894220769574,37.98781879859357,120,0.5333333333333333,2.4296060529045302,190.88375812428967,,,0.18333333333333332,2.8469938150676586,343.1267492972985,,,0.26666666666666666,2.2474796918753666,0.3448275862068966,-0.14310661914301737,,3.6627783298492433
35.01949933145149,37.01949933145149,38.988375922349334,120,0.6416666666666667,2.152018092843013,142.95256608918015,,,0.058333333333333334,1.2810896924547996,234.97644060383368,,,0.14166666666666666,3.1107298836167248,0.125,-0.32814085960965883,,1.785215437412262
36.02005645520725,38.02005645520725,39.98893304610509,120,0.775,1.6754782699900173,136.74166748356126,,,0.11666666666666667,4.112180095378274,632.1488140547119,,,0.25833333333333336,1.8061378990536245,0.45714285714285713,0.19844321276443044,,1.6387593746185303
37.02061357896301,39.02061357896301,40.989490169860844,120,0.9666666666666667,2.1770669803748666,145.6802452349741,,,0.11666666666666667,4.112180095378274,632.1488140547119,,,0.30833333333333335,1.5363078037965485,0.5263157894736842,0.19844321276443044,,1.6387593746185303
38.02117070271876,40.02117070271876,41.9900472936166,120,0.9833333333333333,2.452627342723799,163.37578764619707,,,0.19166666666666668,2.810470125597599,213.80261805340197,,,0.4666666666666667,1.5524370070897255,0.5,-0.10137722801378536,,1.6387593746185303
39.021727826474525,41.021727826474525,42.99060441737236,120,0.8,3.127661153304739,303.1155362237258,,,0.275,3.5275033657678625,321.74202029443904,,,0.5583333333333333,1.695474275321066,0.391304347826087,-0.004231291070607295,,5.767457795143128
40.02228495023028,42.02228495023028,43.991161541128115,120,0.8,3.8166849576973654,500.57604565991994,,,0.19166666666666668,4.6600086627911335,321.74202029443904,,,0.4583333333333333,1.597343274152069,0.5,-0.14039723846897614,,6.077250552177429
41.022842073986034,43.022842073986034,44.99171866488387,120,0.8166666666666667,3.6056941443170905,425.7623927262133,,,0.19166666666666668,4.6600086627911335,321.74202029443904,,,0.475,1.6893989834355916,0.4074074074074074,-0.14039723846897614,,6.077250552177429
42.023399197741796,44.023399197741796,45.99227578863963,120,0.8166666666666667,3.2247401892975427,178.0728874929623,,,0.3333333333333333,3.6510109829692503,126.10014229240362,,,0.5583333333333333,2.360758903064894,0.2265625,-0.5884176369788183,,6.077250552177429
43.02395632149755,45.02395632149755,46.992832912395386,120,1.0,2.4553911788266007,115.06232493766359,-2.693074044252837,-13.772013974880633,0.5,1.7662261546007159,62.39734492956801,,,0.7,3.381592737123533,0.17901234567901234,-0.1911810331489227,,5.211851334571838
44.024513445253305,46.024513445253305,47.99339003615114,120,1.0,1.5957899307487216,71.19572947732894,-2.1169857913052894,-12.854538627094149,0.7166666666666667,0.7747976381541135,38.1811217098025,,,0.8333333333333334,4.276525983970655,0.015306122448979591,-0.12146636638477203,,2.642828106880188
45.02507056900907,47.02507056900907,48.9939471599069,120,1.0,1.3770879187990184,64.84486999537216,-4.359794691700534,-12.907229909575126,0.9666666666666667,0.6995468503216563,38.34323943935874,,,0.9916666666666667,4.626125026023267,0.0125,0.019459656928083297,,2.869054341316223
46.02562769276482,48.02562769276482,49.99450428366266,120,0.8833333333333333,1.4086256807795878,58.8054480682495,,,1.0,0.4971448424615597,37.60116248226353,-3.4326197005479897,-13.69996492816137,0.9666666666666667,4.434692532532839,0.0,0.09988214526783461,,2.7054237008094786
47.026184816520576,49.026184816520576,50.99506140741841,120,0.6916666666666667,1.6400343209443349,86.75835074220376,,,1.0,0.5112023896008784,40.34459605493363,-2.554301976842148,-13.800572903299118,0.875,3.6134076966365476,0.15865384615384615,-0.05990558531073022,,2.625427949428558
48.02674194027634,50.02674194027634,51.99561853117417,120,0.48333333333333334,2.4906056757099724,108.48598317032274,,,1.0,1.1198507788967698,59.9510768119529,-2.91741786998458,-13.278270485993126,0.775,2.5342528779142555,0.32065217391304346,-0.16391660578094824,,2.625427949428558
49.02729906403209,51.02729906403209,52.99617565492993,120,0.38333333333333336,3.6798477317764777,301.14557792926576,,,0.8416666666666667,1.5544604171852319,71.10805505550987,,,0.6166666666666667,1.347735488272169,0.5357142857142857,-0.7932353874301092,,10.943224906921387
50.02785618778785,52.02785618778785,53.99673277868568,120,0.5,2.5874142027503972,297.50929573234475,,,0.6333333333333333,1.9097016435723426,85.37044049247301,,,0.525,1.251716029293977,0.646551724137931,-0.5061990206121114,,27.03505725860595
51.02841331154361,53.02841331154361,54.997289902441445,120,0.6916666666666667,1.8994355945701293,109.76060678594541,,,0.4666666666666667,2.4516498364606454,129.4072134374987,,,0.5166666666666667,1.8095189916961723,0.3620689655172414,-0.112443880664864,,27.03505725860595
52.028970435299364,54.028970435299364,55.9978470261972,120,0.9,1.7593015471039426,97.7749485944723,,,0.35,1.5332692395465828,107.99641312945751,,,0.5583333333333333,2.324014633239043,0.12307692307692308,-0.11335438867703733,,27.03505725860595
53.02952755905512,55.02952755905512,56.998404149952954,120,1.0,2.2844880306629136,106.27005289770653,-2.439638772755571,-13.013489139473373,0.25833333333333336,0.8794858592516791,100.40389670469531,,,0.5666666666666667,2.319646449220641,0.16176470588235295,-0.11335438867703733,,20.40369520187377
54.03008468281088,56.03008468281088,57.998961273708716,120,1.0,2.8972115926110407,173.64423980113008,-2.2508439037545607,-13.713694748263482,0.21666666666666667,0.5648754144197896,91.47532486347855,,,0.44166666666666665,2.3155968122737978,0.2037037037037037,-0.07015431223123529,,14.596228742599488
55.030641806566635,57.030641806566635,58.99951839746447,120,1.0,3.595557439811812,339.203779757201,-3.0965582297403342,-13.930402966376038,0.13333333333333333,0.5715538155644105,103.18244665157292,,,0.31666666666666665,1.8713820011881201,0.375,-0.2838742888444507,,14.596228742599488
56.03119893032239,58.03119893032239,60.000075521220225,120,0.85,4.5579828867632655,536.9099977880976,,,0.23333333333333334,5.020368337126137,335.45649479197164,,,0.26666666666666666,0.8343650739440968,0.8148148148148148,0.6457104786579183,,21.649351882934567
57.03175605407815,59.03175605407815,61.00063264497599,120,0.6,4.052082403707036,556.4776622795312,,,0.26666666666666666,4.794408751798457,338.2728292664823,,,0.175,0.7676172012977149,0.6875,0.6457104786579182,,22.221524047851563
58.032313177833906,60.032313177833906,62.00118976873174,120,0.35833333333333334,4.308483790980552,545.2748963693946,,,0.39166666666666666,4.08520788819916,487.4339515095493,,,0.225,0.785158172122666,0.7619047619047619,0.6457104786579183,,22.221524047851563
59.03287030158966,61.03287030158966,63.001746892487496,120,0.10833333333333334,6.506186752599907,774.4575518599092,,,0.6166666666666667,3.7895810473729172,440.794734277708,,,0.2,0.8695373329315799,0.7058823529411765,0.6457104786579182,,22.28758544921875
60.03342742534542,62.03342742534542,64.00230401624326,120,0.008333333333333333,0.4272007712757019,321.5306399123927,,,0.38333333333333336,3.040406175349218,494.3254344089438,,,0.058333333333333334,0.7651194112581915,1.0,,,21.054636764526368
61.03398454910118,63.03398454910118,65.00286113999901,120,0.008333333333333333,0.4272007712757019,321.5306399123927,,,0.35,3.0239980344772683,498.89941218331217,,,0.05,0.8465515700099946,1.0,,,8.265095233917236
62.03454167285693,64.03454167285693,66.00341826375477,120,0.0,,,,,0.225,3.2749713614901967,410.48245862634553,,,0.0,,,,,11.844739723205558
63.035098796612694,65.03509879661269,67.00397538751052,120,0.0,,,,,0.18333333333333332,1.6119198855536987,317.70394700420957,,,0.0,,,,,10.134692764282223
64.03565592036844,66.03565592036844,68.00453251126628,120,0.0,,,,,0.43333333333333335,1.4131730564945708,304.3218333842077,,,0.0,,,,,9.426158523559566
65.03621304412421,67.03621304412421,69.00508963502205,120,0.0,,,,,0.5,1.381063649927909,304.3218333842077,,,0.016666666666666666,1.930819709568918,,,,9.426158523559566
66.03677016787996,68.03677016787996,70.0056467587778,120,0.025,2.656771647511233,342.6042282526638,,,0.5,1.381063649927909,304.3218333842077,,,0.016666666666666666,1.930819709568918,,,,3.07596150636673
67.03732729163572,69.03732729163572,71.00620388253355,120,0.11666666666666667,5.7083891491490935,1243.9156584940556,,,0.31666666666666665,1.2474100398287673,275.35558730232134,,,0.058333333333333334,1.253592532560607,0.0,,,10.168536472320556
68.03788441539147,70.03788441539147,72.00676100628931,120,0.275,4.30561063629835,650.123240905528,,,0.06666666666666667,1.1723525072446055,262.75459955383724,,,0.125,0.9087015024131309,0.7,,,13.240157699584959
69.03844153914723,71.03844153914723,73.00731813004506,120,0.4666666666666667,3.0171376313183003,346.5438370116756,,,0.03333333333333333,3.5405483595725835,925.77321279397,,,0.23333333333333334,2.095260105191372,0.25925925925925924,0.4395783403644751,,13.240157699584959
70.03899866290298,72.03899866290298,74.00787525380082,120,0.55,2.7088653248126837,310.75168812194704,,,0.14166666666666666,2.116970733838943,263.70297789945914,,,0.4166666666666667,2.8438885520040578,0.14285714285714285,0.3260475344346414,,13.240157699584959
71.03955578665875,73.03955578665875,75.00843237755659,120,0.7083333333333334,1.6192199554792674,229.23937397339142,,,0.39166666666666666,1.8561102550353186,98.76006257693757,,,0.625,3.698395291921014,0.09210526315789473,0.3206631876493371,,13.177998924255371
72.0401129104145,74.0401129104145,76.00898950131234,120,0.7333333333333333,1.0127235431125747,194.16089396929289,,,0.6416666666666667,1.732635045090069,145.20240241074742,,,0.7833333333333333,4.351521548661288,0.0,0.19539179337448087,,10.197210168838499
73.04067003417026,75.04067003417026,77.0095466250681,120,0.7083333333333334,0.9562703706786739,129.15859192515614,,,0.8583333333333333,1.4315774636058793,128.23836028678758,,,0.8666666666666667,3.6620921261984165,0.2403846153846154,0.15035352426641682,,3.697594404220581
74.04122715792602,76.04122715792602,78.01010374882385,120,0.85,0.9584357253525239,112.31234124446209,,,0.8166666666666667,1.3120964219534241,117.18106045378833,,,0.8,3.1567648941004394,0.40625,0.19742268875745575,,3.4838446736335746
75.04178428168177,77.04178428168177,79.0106608725796,120,0.85,1.1475528716069243,95.27192865963623,,,0.7833333333333333,1.1474428033479613,120.25005530744365,,,0.7916666666666666,1.929254751868604,0.6770833333333334,0.29907014159605044,,2.7507197380065915
76.04234140543753,78.04234140543753,80.01121799633536,120,0.9166666666666666,1.4594631611237705,104.98437995904816,,,0.725,1.525041556785989,133.58909728618067,,,0.7833333333333333,0.7642370701953118,0.8814432989690721,0.5251187698431965,,4.246580767631531
77.0428985291933,79.0428985291933,81.01177512009113,120,1.0,1.4494464269730496,118.88190585477886,-3.1352471282090058,-13.068013472177343,0.625,1.6771307798160386,158.4643700036103,,,0.7833333333333333,0.7575474039385772,0.8434343434343434,0.5362284241864563,,4.34873583316803
78.04345565294905,80.04345565294905,82.01233224384688,120,0.825,1.6300599099377748,131.2375905113012,,,0.6,1.7456263627712627,171.3338914761002,,,0.725,0.8102457056839569,0.8315217391304348,0.4970946380025725,,4.34873583316803
79.0440127767048,81.0440127767048,83.01288936760264,120,0.575,1.6129023803222702,131.2375905113012,,,0.6333333333333333,2.0142603665854844,117.71882381727669,,,0.5416666666666666,0.901812832659399,0.8308823529411765,0.4106360732817984,,4.395983433723449
80.04456990046056,82.04456990046056,84.0134464913584,120,0.35,1.409575659304144,148.76791986875372,,,0.44166666666666665,1.5488505556518637,77.7249545806574,,,0.325,0.859999934965675,0.9,0.03306273168512459,,7.930507087707519
81.04512702421631,83.04512702421631,85.01400361511415,120,0.35,3.0839238124465047,264.69894949663257,,,0.2916666666666667,1.7366032195990373,60.267301940326824,,,0.13333333333333333,0.885989381753852,1.0,,,8.03714461326599
82.04568414797207,84.04568414797207,86.0145607388699,120,0.4166666666666667,3.2320759743550345,334.52688592172234,,,0.25,1.9307181138545546,58.845550867371315,,,0.08333333333333333,0.9665921001630636,1.0,,,11.995183229446411
83.04624127172784,85.04624127172784,87.01511786262567,120,0.6666666666666666,2.9777922102737406,298.04537834574273,,,0.016666666666666666,0.5773605603272953,151.68560707053797,,,0.125,0.5547601008107892,1.0,-0.8220892597904383,,11.995183229446411
84.04679839548359,86.04679839548359,88.01567498638143,120,0.875,2.7989906049042244,251.19471097308434,,,0.19166666666666668,0.8735815674555537,67.23692815476961,,,0.3333333333333333,1.0773256241675668,0.9142857142857143,0.11413273124731317,,11.995183229446411
85.04735551923935,87.04735551923935,89.01623211013718,120,0.7583333333333333,2.5994369037438076,251.19471097308434,,,0.4166666666666667,1.679925020619316,91.52146765023224,,,0.525,1.705022974759996,0.6229508196721312,0.041627639056796416,,11.995183229446411
86.0479126429951,88.0479126429951,90.01678923389294,120,0.8666666666666667,2.369962498596817,277.7530669451994,,,0.6666666666666666,1.5090992098784954,99.44247372829884,,,0.7666666666666667,1.970997855614089,0.4175824175824176,0.04504671392451736,,5.719234371185302
87.04846976675086,89.04846976675086,91.01734635764869,120,0.8666666666666667,2.190222003303947,292.90511176284514,,,0.9,1.2318914393607698,75.50342893119475,,,0.9166666666666666,2.5338072702223924,0.25225225225225223,0.14930216623784134,,5.4443851709365845
88.04902689050661,90.04902689050661,92.01790348140445,120,0.8833333333333333,2.0998437591879013,334.107649698846,,,0.8416666666666667,1.1824380658203841,76.44425232723864,,,0.8583333333333333,3.0702438794626006,0.05714285714285714,0.03699138759473426,,5.212783622741699
89.04958401426238,91.04958401426238,93.01846060516021,120,1.0,1.951964577890188,255.82537336670723,-3.3389923335345726,-15.070630205053465,0.6166666666666667,0.7503022928158206,66.90739050616938,,,0.7083333333333334,3.1620821053318853,0.0,0.05675268039195104,,5.228522443771363
90.05014113801813,92.05014113801813,94.01901772891597,120,1.0,2.1106200313850367,264.26764786267694,-3.7687074554958566,-15.162581799267203,0.36666666666666664,0.4270609979331106,58.13964657496443,,,0.5583333333333333,3.05041281483975,0.18181818181818182,0.06209200876741693,,10.415024900436402
91.05069826177389,93.05069826177389,95.01957485267172,120,0.95,2.2821697588864587,223.21994803278838,,,0.23333333333333334,2.159158790160342,94.23292978283865,,,0.43333333333333335,2.6689200700196443,0.23529411764705882,-0.2253630887141522,,10.415024900436402
92.05125538552964,94.05125538552964,96.02013197642748,120,0.775,2.4078345161399906,201.9850006815122,,,0.36666666666666664,2.117564300549597,127.74220542750273,,,0.4666666666666667,1.8302485939561952,0.3888888888888889,0.38316178051285243,,10.415024900436402
93.0518125092854,95.0518125092854,97.02068910018323,120,0.7583333333333333,3.4400527172915996,380.383260199234,,,0.5833333333333334,3.1518359398057236,207.1493122409728,,,0.6083333333333333,1.5199842050071621,0.5189873417721519,0.19715127113928377,,10.415024900436402
94.05236963304115,96.05236963304115,98.02124622393899,120,0.6,3.309561053395325,236.05941443207348,,,0.725,2.686181859787605,204.34133945186906,,,0.6916666666666667,1.2628785071763386,0.5777777777777777,0.2294934752422385,,7.659031724929809
95.05292675679691,97.05292675679691,99.02180334769476,120,0.4,3.6139350104983854,285.57635397866784,,,0.8583333333333333,1.8812013944893984,132.72184221425175,,,0.65,1.0724550438534095,0.7294117647058823,0.23670604470324275,,7.478632402420043
96.05348388055268,98.05348388055268,100.02236047145051,120,0.325,3.9533458829855195,306.71215797453834,,,0.8,1.7513607903911879,145.8996395500859,,,0.5666666666666667,0.7689961374146632,0.8666666666666667,0.15485458411079747,,10.365126943588255
97.05404100430843,99.05404100430843,101.02291759520627,120,0.24166666666666667,0.9237083640020487,160.71350714231417,,,0.6416666666666667,0.6248946221826872,119.05099029939356,,,0.5083333333333333,0.9414066908588223,1.0,0.46123077856781386,,10.365126943588255
98.05459812806419,100.05459812806419,102.02347471896202,120,0.20833333333333334,1.1479023835269575,153.30655935624418,,,0.75,0.7266332203202315,120.39123196042482,,,0.475,1.6706916848761946,0.7280701754385965,0.22502387323817433,,10.365126943588255
99.05515525181994,101.05515525181994,103.02403184271778,120,0.39166666666666666,1.1258299281229358,143.9508787507176,,,0.7333333333333333,0.8031908998460909,107.16081358083159,,,0.6166666666666667,2.013162601540784,0.42567567567567566,-0.2733325406210204,,7.952170610427856
100.0557123755757,102.0557123755757,104.02458896647353,120,0.6416666666666667,1.008834442587807,151.78421214028998,,,0.7666666666666667,1.6390855083087263,173.19494790731406,,,0.7583333333333333,1.7142950315053747,0.5380434782608695,-0.204218573883629,,7.032802438735962
101.05626949933145,103.05626949933145,105.0251460902293,120,0.7416666666666667,1.6621519803546179,195.52205985746755,,,0.7416666666666667,1.6937576274167818,175.10709510587634,,,0.7,1.5337957037468715,0.4817073170731707,-0.2697959081911328,,7.049782633781433
102.05682662308722,104.05682662308722,106.02570321398505,120,0.9333333333333333,1.723211330964168,141.76723886665675,,,0.6166666666666667,1.935779089892198,197.9640897034011,,,0.6833333333333333,1.4769202427195647,0.4588235294117647,-0.1636227224854081,,7.049782633781433
103.05738374684297,105.05738374684297,107.02626033774081,120,1.0,1.5373375375437406,111.2331252267651,-2.8703549270955007,-13.409102764165516,0.38333333333333336,2.6687195536245722,378.2274296408874,,,0.525,1.0998267302123859,0.5909090909090909,-0.007584450717925693,,7.049782633781433
104.05794087059873,106.05794087059873,108.02681746149656,120,1.0,1.4416771124299514,78.55956525101533,-2.9201878361600704,-13.367782672409259,0.175,1.4783416995183238,254.2053271578662,,,0.44166666666666665,2.028162542870007,0.19642857142857142,0.2272516678251518,,6.018673205375672
105.05849799435448,107.05849799435448,109.02737458525232,120,1.0,1.009191637739722,74.73204902187094,-5.879413466389527,-12.487019436554075,0.26666666666666666,1.2492721700963707,229.9076224595533,,,0.5416666666666666,2.3763252131902872,0.035211267605633804,0.09383192596846136,,3.6818602323532104
106.05905511811024,108.05905511811024,110.02793170900807,120,1.0,0.802476334489581,93.72860378302914,-2.705985012989169,-14.42053177432068,0.39166666666666666,0.9337779827348857,157.2905069576696,,,0.6583333333333333,2.2298012671690577,0.06707317073170732,0.04538413803858675,,2.8147228837013243
107.05961224186599,109.05961224186599,111.02848883276384,120,1.0,0.8433398413261003,94.51796739830527,-2.5059760624741716,-14.57637433867475,0.5333333333333333,0.8400521018919435,156.5646488608375,,,0.7916666666666666,2.0591476906610504,0.2722772277227723,0.16982639936213487,,2.0056253194808957
108.06016936562176,110.06016936562176,112.0290459565196,120,1.0,0.8691023536079143,111.29996564361183,-2.968051326264018,-14.64386766852796,0.6083333333333333,0.937037628493211,157.2905069576696,,,0.7916666666666666,1.834153491525163,0.3480392156862745,0.09191866702949472,,1.9959684133529663
109.06072648937752,111.06072648937752,113.02960308027535,120,1.0,0.7445512367977967,106.26057850989889,-5.774898859491931,-14.636404932779682,0.7333333333333333,0.8475820042210939,121.24172273663555,,,0.825,1.704894661829378,0.32407407407407407,0.13076826925921956,,2.1896697640419007
110.06128361313327,112.06128361313327,114.0301602040311,120,1.0,0.6993271646379344,112.58906766344322,-4.353060249902316,-14.546071952303395,0.725,1.3795613606715122,140.41025728829575,,,0.825,1.7757715080738086,0.2962962962962963,0.07122656893246192,,2.1896697640419007
111.06184073688902,113.06184073688902,115.03071732778686,120,0.9666666666666667,0.7509325463965965,125.79378923826764,,,0.825,1.9320230567261276,171.20658348971307,,,0.875,2.184136100307062,0.09009009009009009,-0.03993419082362308,,2.197898960113525
112.06239786064478,114.06239786064478,116.03127445154261,120,0.8166666666666667,0.8106693413117506,142.95454629494736,,,0.9833333333333333,1.665697508922772,107.2566083294905,,,0.8833333333333333,2.242963747413907,0.06481481481481481,0.009111156520405709,,2.6567651510238646
113.06295498440053,115.06295498440053,117.03183157529837,120,0.7666666666666667,0.9335903801943393,180.7633978477399,,,0.9833333333333333,1.5193156851912244,61.20233085844522,,,0.9083333333333333,2.167766608327431,0.2616822429906542,-0.014685112003639568,,2.6567651510238646
114.0635121081563,116.0635121081563,118.03238869905414,120,0.5166666666666667,0.986141058518688,186.76059509033072,,,0.9916666666666667,1.6360122892607145,59.75616540312539,,,0.6666666666666666,2.1908914362437075,0.36363636363636365,0.0060044891995061425,,2.6567651510238646
115.06406923191206,117.06406923191206,119.03294582280989,120,0.3,1.0375257419849229,193.11925427053436,,,1.0,0.9892750511706796,43.739894172008945,-3.3032934677835124,-13.92552362155348,0.43333333333333335,1.6500147291020022,0.5957446808510638,0.04502495542153335,,3.1946297883987427
116.06462635566781,118.06462635566781,120.03350294656565,120,0.325,1.3019430759326414,196.8279549864617,,,0.9583333333333334,0.9092152287763839,39.70961056002984,,,0.425,1.6302318789934322,0.42857142857142855,0.1368547669629728,,3.1946297883987427
117.06518347942357,119.06518347942357,121.0340600703214,120,0.3333333333333333,1.9994337089319196,84.15723309527722,,,0.7333333333333333,1.2110810221433976,35.91589762170051,,,0.35,2.2975298870314207,0.0,0.3854310482378595,,3.1946297883987427
118.06574060317932,120.06574060317932,122.03461719407716,120,0.5833333333333334,1.298069522808582,87.36932565382858,,,0.48333333333333334,0.3270828772229897,28.76109668937304,,,0.3416666666666667,2.3137118095859623,0.0,0.3854310482378595,,3.1946297883987427
119.06629772693508,121.06629772693508,123.03517431783291,120,0.8333333333333334,1.0461977776975504,89.81193827577772,,,0.23333333333333334,0.49353748537382286,30.15832476601973,,,0.325,2.3505811294438352,0.0,0.3854310482378595,,1.5692978262901305
120.06685485069085,122.06685485069085,124.03573144158868,120,0.9583333333333334,0.8542967012489251,88.93981957352555,,,0.025,2.415941784028383,1018.5210996088842,,,0.2,2.869689505746964,0.0,0.012245558001678472,,1.4250712513923645
121.0674119744466,123.0674119744466,125.03628856534444,120,1.0,0.5005233370019504,94.79317071934344,-3.559208422597384,-15.67454619159861,0.23333333333333334,1.3851702068989216,247.95903223708706,,,0.18333333333333332,2.6852390550026666,0.0,-0.03160120675575614,,1.4250712513923645
122.06796909820235,124.06796909820235,126.03684568910019,120,1.0,0.7606590108217285,120.63562284483595,-3.624911065462424,-14.900737441036807,0.3416666666666667,1.20849557865175,229.55575811014188,,,0.3416666666666667,2.5502185715880574,0.0,0.027266422757324684,,1.2345504879951477
123.06852622195811,125.06852622195811,127.03740281285594,120,0.9916666666666667,1.2810293586467607,136.39395947164545,,,0.5916666666666667,0.9188608902129296,111.73293968619491,,,0.5416666666666666,2.7626864939503655,0.0,0.01901160313291255,,1.5077887952327726
124.06908334571386,126.06908334571386,128.0379599366117,120,0.9916666666666667,1.4183487684004072,135.6278422450238,,,0.7416666666666667,0.9263883270782811,111.73293968619491,,,0.6916666666666667,3.011268667430486,0.0,0.0398699163365092,,2.432605934143066
125.06964046946962,127.06964046946962,129.03851706036747,120,0.975,1.9985142450988533,226.0016646961027,,,0.5083333333333333,0.7157999232261838,77.31739393658384,,,0.5416666666666666,3.112538660737796,0.0,0.07322310711289969,,2.432605934143066
126.07019759322539,128.07019759322537,130.03907418412322,120,0.8583333333333333,2.1123166436739345,161.41802820213047,,,0.4,0.6854217163592765,74.7854846541037,,,0.38333333333333336,3.4093763200631524,0.0,0.05086445328856378,,3.074357688426971
127.07075471698114,129.07075471698113,131.03963130787898,120,0.8,2.330671593665811,170.67959444865068,,,0.23333333333333334,2.0891636459072656,169.02979052866473,,,0.30833333333333335,3.461436219856144,0.0,0.1709660483228085,,4.483350324630737
128.07131184073688,130.07131184073688,132.04018843163473,120,0.8,2.3375137046966525,170.67959444865068,,,0.09166666666666666,3.891371240145815,490.5303073517059,,,0.24166666666666667,2.9631359670669744,0.0,0.31232762732592234,,4.483350324630737
129.07186896449267,131.07186896449267,133.0407455553905,120,0.6666666666666666,1.8775553516871675,132.13512623101138,,,0.25,2.190006479475945,326.07048423417814,,,0.3333333333333333,2.96284102835829,0.0,0.36408886100505494,,4.483350324630737
130.07242608824842,132.07242608824842,134.04130267914624,120,0.6166666666666667,1.8790394017728347,132.13512623101138,,,0.5,2.275544653733546,335.95079755388775,,,0.45,2.8785995002409357,0.0,-0.12319160024749441,,5.540269088745117
131.07298321200417,133.07298321200417,135.041859802902,120,0.5583333333333333,1.0606115362776172,116.08818226660078,,,0.6666666666666666,1.9302844520750686,291.65351916003976,,,0.5166666666666667,2.963330975703925,0.0,-0.12571655035872722,,5.540269088745117
132.07354033575993,134.07354033575993,136.04241692665775,120,0.5083333333333333,2.1968498759536015,216.5495240613748,,,0.9083333333333333,1.7108695715203037,201.88686204506325,,,0.65,2.7141008950698504,0.1728395061728395,-0.10461835475454723,,5.540269088745117
133.07409745951568,135.07409745951568,137.0429740504135,120,0.6333333333333333,3.0553308526102065,290.30219429982014,,,1.0,2.0770606710102255,204.95865318508862,-4.597895599057073,-14.076958950688255,0.7916666666666666,2.7181575323821425,0.215,-0.09255110059357267,,5.540269088745117
134.07465458327144,136.07465458327144,138.04353117416926,120,0.7,2.6970604482873446,203.0173339288596,,,1.0,2.2076821445774923,180.2717941798349,-4.157897644852744,-14.177927237682802,0.8666666666666667,2.4791864837044093,0.2889908256880734,0.008887677059559592,,9.3046058177948
135.0752117070272,137.0752117070272,139.04408829792504,120,0.575,3.0934324378219187,310.16038031985704,,,0.975,2.183318185807069,163.34326609860082,,,0.7916666666666666,2.0475887516944544,0.40625,-0.01708133923892673,,14.963601732254029
136.07576883078295,138.07576883078295,140.0446454216808,120,0.38333333333333336,2.5858759290697844,118.48307909819057,,,0.975,2.368084122461961,163.34326609860082,,,0.5833333333333334,1.8377524356268005,0.4225352112676056,0.0043140580915658295,,14.963601732254029
137.0763259545387,139.0763259545387,141.04520254543655,120,0.36666666666666664,0.8861764002610364,61.31237136163067,,,0.975,2.43760659368495,184.89395477676987,,,0.575,1.1302197851670877,0.5352112676056338,0.16586081728518137,,14.963601732254029
138.07688307829446,140.07688307829446,142.0457596691923,120,0.2833333333333333,0.975773354299926,67.80706011233906,,,0.7333333333333333,2.2946939660320766,151.4854955337047,,,0.43333333333333335,0.9448169581587295,0.6415094339622641,0.2597839718754862,,15.233314800262452
139.0774402020502,141.0774402020502,143.04631679294806,120,0.2833333333333333,0.975773354299926,67.80706011233906,,,0.5166666666666667,2.5452041736116766,165.75961079584195,,,0.35,1.0115329206158452,0.6777777777777778,0.2597839718754862,,13.203370761871335
140.07799732580597,142.07799732580597,144.04687391670382,120,0.275,0.968575923894123,66.64155567162153,,,0.375,2.3587135916727413,147.89473377034898,,,0.30833333333333335,1.1004281432338123,0.6375,0.2556686181971709,,13.203370761871335
141.07855444956175,143.07855444956175,145.04743104045957,120,0.06666666666666667,0.4028999510295296,65.43450118155448,,,0.23333333333333334,0.6342611692493499,60.22722867879881,,,0.08333333333333333,1.2265552766753505,1.0,0.4174582606991388,,13.203370761871335
142.0791115733175,144.0791115733175,146.04798816421533,120,0.24166666666666667,5.416724812595168,797.5665578025147,,,0.225,0.5377464267219152,56.93240838631813,,,0.03333333333333333,1.1447688778486769,1.0,,,8.642547893524169
143.07966869707326,145.07966869707326,147.04854528797108,120,0.49166666666666664,4.562667422282155,838.4436717936184,,,0.21666666666666667,0.3440758559890541,55.60278885299542,,,0.0,,,,,8.73745584487915
144.080225820829,146.080225820829,148.04910241172684,120,0.7416666666666667,3.86267525343073,707.7116207221769,,,0.10833333333333334,0.41607217038357536,56.93240838631813,,,0.0,,,,,8.037673759460448
145.08078294458477,147.08078294458477,149.0496595354826,120,0.7583333333333333,3.8063283242610373,703.4156564568408,,,0.175,1.8246454134799124,168.8082052814252,,,0.09166666666666666,0.7900542139563879,1.0,,,7.253579759597778
146.08134006834052,148.08134006834052,150.05021665923834,120,0.5166666666666667,3.0530783539112023,612.8153214387969,,,0.425,2.428744443027897,210.9170158106779,,,0.11666666666666667,0.7260602577727101,1.0,,,7.837176322937012
147.08189719209628,149.08189719209628,151.05077378299413,120,0.26666666666666666,2.4118281122846,449.3167106162946,,,0.675,1.978934838485072,173.18687248603632,,,0.175,0.6822691013877947,1.0,,,8.002809143066406
148.08245431585203,150.08245431585203,152.05133090674988,120,0.1,0.5406544594922816,69.51934119083239,,,0.925,1.8311198824366972,166.32769231697327,,,0.3,0.5090827195497234,1.0,-0.12210743951630505,,8.002809143066406
149.0830114396078,151.0830114396078,153.05188803050564,120,0.3333333333333333,0.9105181034284373,73.54608817253083,,,1.0,1.7130804034844347,144.56528271539992,-5.103746093315237,-14.147273392919503,0.4583333333333333,0.5589515839618348,1.0,0.06666171352573858,,8.002809143066406
150.08356856336354,152.08356856336354,154.0524451542614,120,0.375,0.8574353993175835,76.45903837801916,,,0.85,1.2908711897440548,113.75593589280615,,,0.49166666666666664,0.5798158017802434,1.0,0.04487725916289003,,7.660756158828735
151.0841256871193,153.0841256871193,155.05300227801715,120,0.5833333333333334,0.625364541170608,45.59427221978518,,,0.7,1.256044855440578,135.38232209361064,,,0.5666666666666667,0.6267368625114462,1.0,0.08613768647189694,,4.617440533638
152.08468281087505,154.08468281087505,156.0535594017729,120,0.75,0.7605965218674076,60.59868230508784,,,0.5916666666666667,1.0698662586521532,104.79335548423818,,,0.6583333333333333,0.7111242811197241,1.0,0.2638098691904266,,2.6047414779663085
153.0852399346308,155.0852399346308,157.05411652552866,120,0.75,1.025620527737309,72.40771517019701,,,0.5916666666666667,1.6407515456504054,146.6078118060726,,,0.6166666666666667,1.0766944840770307,0.6835443037974683,0.1663670712188684,,2.493065798282623
154.0857970583866,156.0857970583866,158.0546736492844,120,0.9083333333333333,1.038487044825446,68.99011814459062,,,0.7166666666666667,2.295624015759868,167.55246091513487,,,0.8083333333333333,1.3732320274034318,0.5588235294117647,0.13478435124254362,,8.00447895526886
155.08635418214234,157.08635418214234,159.05523077304017,120,0.8666666666666667,1.4616299069270495,101.01448042668545,,,0.7083333333333334,2.429985580474411,154.21903791065776,,,0.8166666666666667,1.6074345458804593,0.4326923076923077,0.07136336605885184,,8.848247146606445
156.0869113058981,158.0869113058981,160.05578789679592,120,0.8666666666666667,1.2326633731958065,63.308340097606205,,,0.8166666666666667,2.111581648991168,121.77125801122351,,,0.85,2.0263785947354047,0.17592592592592593,-0.1033143600467469,,8.848247146606445
157.08746842965385,159.08746842965385,161.05634502055167,120,0.825,1.6989507396237469,51.61355778525769,,,0.8166666666666667,1.3784927728920586,79.22266028763715,,,0.8916666666666667,2.021009417970179,0.22935779816513763,-0.0002613826225151573,,8.848247146606445
158.0880255534096,160.0880255534096,162.05690214430743,120,0.875,1.4821044906686383,43.736696644070285,,,0.8416666666666667,0.5528112586258072,66.58304481337214,,,0.8916666666666667,2.0152226252480197,0.13761467889908258,0.08006986457774644,,8.5525887966156
159.08858267716536,161.08858267716536,163.05745926806318,120,0.9583333333333334,1.0154817844635018,32.72267455647735,,,1.0,0.6216250588581232,82.62004522133145,-3.29683697619106,-13.356028328699585,0.9916666666666667,1.9523640340738433,0.08333333333333333,0.15579227413877447,,3.1971030592918397
160.08913980092112,162.08913980092112,164.05801639181897,120,0.9583333333333334,1.030789966453226,35.674965451294106,,,1.0,0.8772868039750146,101.9063456013198,-3.3872813045191563,-14.140785245650754,0.9916666666666667,1.7510034346413148,0.08333333333333333,0.19272877150278964,,3.8835145473480224
161.08969692467687,163.08969692467687,165.05857351557472,120,1.0,0.8505488640874874,42.90774278687627,-4.281635052284942,-13.447879365574524,1.0,1.0345736500451432,114.36963394621503,-4.803924466627766,-14.350530198342017,0.9916666666666667,1.4908304360348685,0.15,0.22505258735357306,0.33277458807442234,3.8835145473480224
162.09025404843263,164.09025404843263,166.05913063933048,120,1.0,0.8648018738979606,35.14784137535013,-3.636053847039125,-13.64969434332888,1.0,0.9595017442659619,98.29664741267463,-5.4201345265320455,-14.271683761011955,0.9916666666666667,1.3915909062927079,0.15,0.16064490439380982,0.2921567114928043,3.8835145473480224
163.09081117218838,165.09081117218838,167.05968776308623,120,1.0,0.8742808042124487,42.99449194037741,-3.634750541409389,-13.651046435086753,1.0,0.6996338160199511,64.16300728739714,-3.456193863326849,-14.13519517149174,1.0,1.314411737005645,0.15,0.07809194210599682,0.38962255553017283,3.98212970495224
164.09136829594414,166.09136829594414,168.06024488684199,120,1.0,0.8729138379375295,42.35669464131818,-3.6197782589844274,-13.649398271281077,1.0,0.3852830374336949,47.35097630525658,-3.2847011110985833,-13.196055498400112,1.0,1.3744053288586782,0.15,0.012339366043943234,0.5686656739806081,3.8880894064903258
165.0919254196999,167.0919254196999,169.06080201059774,120,1.0,0.2688783408396938,28.718471532812472,-4.703962646528312,-12.945863658887607,1.0,0.793220142349986,57.74358439545139,-2.7616464258342583,-14.753542803241656,1.0,1.614980751466487,0.0,-0.0670220958477217,-0.0048619916282342125,5.286173892021179
166.09248254345567,168.09248254345567,170.0613591343535,120,0.9833333333333333,0.8041133112212563,32.63094491369479,,,0.8833333333333333,1.572159790515855,78.90069767373728,,,0.9916666666666667,1.6917109118333897,0.07083333333333333,-0.020608745332901128,,5.286173892021179
167.09303966721143,169.09303966721143,171.06191625810925,120,0.9833333333333333,1.4929379724391338,37.00019971621529,,,0.8833333333333333,2.517281542823805,395.8672911085474,,,0.9833333333333333,1.8020203130181525,0.09583333333333334,0.008115465584324872,,5.286173892021179
168.09359679096718,170.09359679096718,172.062473381865,120,0.9833333333333333,1.538199093792182,36.323012866655446,,,0.8833333333333333,3.1795965492754323,549.615548489699,,,0.975,1.9294036383854947,0.09583333333333334,0.08560845425189652,,5.286173892021179
169.09415391472294,171.09415391472294,173.06303050562076,120,0.9583333333333334,2.4135486713242136,48.940953735372766,,,0.8833333333333333,2.63924769844477,176.25033157496392,,,0.975,2.0324461569343453,0.14583333333333334,0.04091799444408297,,2.050447690486908
170.0947110384787,172.0947110384787,174.0635876293765,120,0.975,1.8359477368749544,49.45798697770363,,,1.0,1.785840114853573,93.95885701348996,-2.801005658583762,-14.308093027583752,0.9833333333333333,2.243906664393569,0.075,0.04880755269267775,,1.7978411853313445
171.09526816223445,173.09526816223445,175.06414475313227,120,0.875,1.3159528344398528,53.28311130586825,,,1.0,1.146736630889215,91.04132470995101,-3.804085586487825,-13.651793254397418,0.9583333333333334,2.327036300042838,0.05128205128205128,-0.011858269718323183,,1.7978411853313445
172.0958252859902,174.0958252859902,176.06470187688805,120,0.8666666666666667,1.3734739570391463,62.881186979033345,,,1.0,0.5967856808616288,66.70046365840346,-3.412966890943393,-14.648885805223022,0.9583333333333334,2.0146423388843746,0.1111111111111111,-0.05003905635334915,,1.7596251606941222
173.09638240974596,175.09638240974596,177.0652590006438,120,0.8916666666666667,0.7033109487225209,53.1367598484001,,,1.0,0.4910979375088343,64.92315625119525,-2.3256423469390555,-14.634492391157812,0.9583333333333334,1.7989295610515514,0.05982905982905983,-0.08351153601842769,,1.5662811636924743
174.0969395335017,176.0969395335017,178.06581612439956,120,0.8916666666666667,0.764422547119537,85.95864070849493,,,1.0,0.47801491329755724,57.40795089603737,-2.981433797898739,-14.56415265593706,0.9583333333333334,1.6197777052421711,0.05982905982905983,-0.21432220199341878,,1.5184906601905823
175.09749665725747,177.09749665725747,179.06637324815532,120,0.9916666666666667,1.3754803745144144,96.36678222928872,,,0.9833333333333333,1.324402419490306,55.92134207577099,,,0.9916666666666667,1.4551781549297311,0.09166666666666666,-0.2058904116859298,,1.1871959030628203
176.09805378101322,178.09805378101322,180.06693037191107,120,1.0,1.3969534517199549,154.65869949539982,-3.8893185367614866,-14.100449507503521,0.9833333333333333,1.3488625118559376,50.27852330222252,,,1.0,1.866311907110621,0.03333333333333333,-0.1688578855567133,,1.9708995461463927
177.09861090476898,179.09861090476898,181.06748749566682,120,1.0,1.1919977046874488,125.14654665743504,-2.223031387753695,-14.00464494986386,0.9666666666666667,1.5176930771310961,51.84207839865106,,,1.0,2.176342965585396,0.03333333333333333,-0.19797272613513284,,1.9708995461463927
178.09916802852476,180.09916802852476,182.06804461942258,120,1.0,1.160751981792916,113.49787015761298,-2.595111798478683,-13.897352350340382,0.9166666666666666,2.0354405907309636,83.74427936277262,,,1.0,2.1660604383912414,0.125,-0.1354713721414393,,1.9708995461463927
179.0997251522805,181.0997251522805,183.06860174317833,120,1.0,0.520235224228071,98.35945886954121,-3.7530871287381284,-15.069071447817493,0.9333333333333333,1.0455443896002883,84.11627948232504,,,1.0,2.472199845919838,0.09166666666666666,-0.11290136389669628,,1.9708995461463927
180.10028227603627,182.10028227603627,184.0691588669341,120,1.0,0.44398020991134585,78.05204862968944,-3.964802774774731,-14.91410685311507,0.9083333333333333,1.850666912162881,110.47174297766001,,,1.0,2.236067157587177,0.2,-0.08683428514710534,,1.3848064601421355
181.10083939979202,183.10083939979202,185.06971599068984,120,0.8833333333333333,0.7102427958074735,84.6763545203398,,,0.9083333333333333,2.566696787271032,186.68694178346144,,,0.9833333333333333,1.8553124525586202,0.35833333333333334,-0.02043677002573239,,1.5559760570526122
182.10139652354778,184.10139652354778,186.0702731144456,120,0.8833333333333333,0.6867640440409694,68.58176026010366,,,0.825,2.824648562744675,233.42449201126075,,,0.9083333333333333,1.8735880150463846,0.336283185840708,-0.13221925173776083,,1.795767533779144
183.10195364730353,185.10195364730353,187.07083023820135,120,0.8833333333333333,0.6428657387096038,52.12056464237933,,,0.6833333333333333,3.931955459940903,663.5682510994925,,,0.9,1.4786023883203134,0.504424778761062,-0.07302314353810496,,1.795767533779144
184.1025107710593,186.1025107710593,188.07138736195714,120,0.8833333333333333,0.6616244115651302,50.449703967048876,,,0.7083333333333334,3.4882161570016814,579.4415888914201,,,0.875,1.2495878949357981,0.6415929203539823,-0.1732395634021737,,1.795767533779144
185.10306789481504,187.10306789481504,189.0719444857129,120,1.0,0.3858056580799982,47.93491919850816,-3.312676315181988,-14.328423450919397,0.6,3.49717190292766,584.3635115163725,,,0.8333333333333334,1.7300480452967384,0.5185185185185185,-0.1607283413589806,,1.4482706248760222
186.1036250185708,188.1036250185708,190.07250160946865,120,1.0,0.38259681152183705,55.33523146896314,-3.7979702251415377,-14.564340877497425,0.7333333333333333,2.406202943631591,286.6735176744851,,,0.9083333333333333,2.0032015372559946,0.43478260869565216,-0.11578842079251137,,0.9387475162744521
187.10418214232655,189.10418214232655,191.0730587332244,120,1.0,0.34869843278186596,51.958703539778696,-3.0750686359304154,-15.333197899073488,0.8416666666666667,2.004036105244962,195.46306994457518,,,0.9166666666666666,2.0281716139083428,0.41739130434782606,-0.1403195296397997,,0.8902975410223007
188.1047392660823,190.1047392660823,192.07361585698015,120,1.0,0.32747235918923656,55.33523146896314,-3.4247173897144285,-15.790451987637491,0.8416666666666667,1.6487475222405368,91.39698918751321,,,0.9416666666666667,2.0673326479791703,0.43043478260869567,0.0801836055209294,,0.8821692556142807
189.10529638983806,191.10529638983806,193.0741729807359,120,1.0,0.3820798513561961,58.62781723692146,-3.9098280163594668,-14.923947887305358,0.9666666666666667,0.982446530575452,42.902833106784676,,,1.0,1.5970550123592395,0.6083333333333333,0.15612726888049389,,0.7501823276281356
190.10585351359381,192.10585351359381,194.07473010449166,120,1.0,0.8184548118682851,60.69132004007551,-2.6779366941454192,-13.230374734024515,0.9666666666666667,1.223449152146868,46.7799753711215,,,0.9916666666666667,1.086156121750647,0.7833333333333333,0.2543461637435216,,0.8886004865169526
191.1064106373496,193.1064106373496,195.07528722824742,120,1.0,1.3577990460827134,81.38687079355734,-3.3498048841680657,-13.814835374943117,0.975,1.2193563295802903,52.859693123574836,,,0.9916666666666667,1.0175379305198333,0.8083333333333333,0.29431677021436276,,3.57446311712265
192.10696776110535,194.10696776110535,196.07584435200317,120,1.0,1.378888539221203,90.3325516837151,-3.311737009566058,-13.819757024780312,0.975,1.0615100050669466,65.07189089539476,,,0.9916666666666667,1.5661290835083486,0.5583333333333333,0.1116890330994069,,3.57446311712265
193.1075248848611,195.1075248848611,197.07640147575893,120,1.0,1.474097326321002,107.70964346554464,-3.9634966775332936,-13.876389622287995,0.975,1.285692678603205,80.54431029554847,,,0.9916666666666667,2.2498374700263812,0.3416666666666667,0.1548109766594934,,3.57446311712265
194.10808200861686,196.10808200861686,198.07695859951468,120,1.0,1.0211812413337695,74.41454670854266,-4.444782703734623,-13.212597163924721,0.8666666666666667,1.1606491923488345,78.59998030689358,,,0.9333333333333333,2.975474961602823,0.17857142857142858,0.056767601730833187,,3.57446311712265
195.10863913237262,197.10863913237262,199.07751572327044,120,1.0,0.8652685228885191,65.48730127918671,-3.9311196412270504,-14.540237783107546,0.6416666666666667,0.8304106481523066,71.09128248756925,,,0.725,3.5591811483406337,0.0,0.04600900584419237,,2.6247397541999815
196.10919625612837,198.10919625612837,200.07807284702622,120,1.0,0.8128523108186677,53.17921441475633,-4.307548977203528,-14.529223355749144,0.6333333333333333,1.2490812593288616,61.29550595513328,,,0.725,2.7846514993522344,0.32558139534883723,0.10477435702896265,,2.5083666563034055
197.10975337988413,199.10975337988413,201.07862997078198,120,0.9333333333333333,0.657643647343607,37.27585236534766,,,0.6333333333333333,1.4213542246588706,49.111663988877346,,,0.7,1.9557901798179211,0.6626506024096386,0.02485055812929478,,2.8326198220252987
198.11031050363988,200.11031050363988,202.07918709453773,120,0.85,0.920906740877034,33.999860814976486,,,0.7416666666666667,1.5805820727605855,45.728410755068126,,,0.725,1.0772105589114742,0.8953488372093024,0.189573545189955,,3.6917263150215147
199.11086762739563,201.11086762739563,203.07974421829348,120,0.85,0.7137304970969944,36.52012525426507,,,0.9916666666666667,1.3055672346315104,55.323606357076656,,,0.925,0.9891074429125797,0.8482142857142857,0.14263657797268145,,3.6917263150215147
200.1114247511514,202.1114247511514,204.08030134204924,120,0.85,0.9063198755617375,46.95521605127693,,,1.0,1.2662628590675857,73.01897874173446,-5.312171618894784,-14.223172870195723,0.9,0.9131442140391413,0.8660714285714286,0.15776742357315263,,3.6917263150215147
201.11198187490714,203.11198187490714,205.080858465805,120,0.9166666666666666,0.936343742023326,56.81156020690291,,,0.9416666666666667,1.82236927992252,108.09501360097853,,,0.8916666666666667,1.2839785403052304,0.6271929824561403,0.07918503332240598,,3.6917263150215147
202.1125389986629,204.1125389986629,206.08141558956075,120,1.0,0.783563591178447,68.58232717729277,-4.04486927967406,-14.182805460328348,0.9166666666666666,2.1270574751563998,204.24736705171767,,,0.9333333333333333,1.818822454453937,0.41596638655462187,0.07601915984175389,,2.3189005136489866
203.11309612241868,205.11309612241868,207.0819727133165,120,1.0,0.820852226315432,81.45169597826525,-4.328209894002255,-14.50244732530769,0.9166666666666666,2.820268120791624,400.2116951774642,,,0.9416666666666667,1.7105246208012186,0.39915966386554624,0.1005736118563434,,3.0256127953529357
204.11365324617444,206.11365324617444,208.08252983707226,120,1.0,0.8819945485597346,79.28450433776752,-3.695494574687626,-14.087573987693213,0.8666666666666667,3.1023671606969376,507.5849768656831,,,0.9583333333333334,2.2567094661081404,0.19747899159663865,0.13263017901947044,,3.0256127953529357
205.1142103699302,207.1142103699302,209.083086960828,120,1.0,0.935221049319975,72.62749983323673,-3.5743589590428932,-14.046973959478235,0.925,2.3999449409307685,325.16103957681275,,,0.9916666666666667,2.376429924280636,0.18333333333333332,0.07045417674389981,,3.0256127953529357
206.11476749368595,208.11476749368595,210.08364408458377,120,1.0,0.8952221266299045,61.26633203232675,-2.877227023798489,-13.989585535504979,0.95,2.064703805894576,311.22217996740596,,,0.9916666666666667,2.2827464799072485,0.18333333333333332,0.0020853212549375427,,3.0256127953529357
207.1153246174417,209.1153246174417,211.08420120833952,120,1.0,0.824560557238774,58.129920180188975,-6.678854803526656,-14.037386631593142,0.95,1.4392263402999017,171.95530329987088,,,0.9916666666666667,2.800296403757565,0.05,-0.028531476688847774,,2.2766013979911803
208.11588174119746,210.11588174119746,212.08475833209528,120,1.0,0.6518836569774772,55.26778656913385,-2.5981137034820976,-13.742785297630489,0.7916666666666666,1.3350529121650088,165.14386277655538,,,0.9416666666666667,2.7546967369658697,0.0,-0.11141010487341084,,2.1663341641426084
209.1164388649532,211.1164388649532,213.08531545585106,120,1.0,0.5803593679780727,55.01983391461087,-2.42226707144173,-13.733907172994439,0.775,1.7426609783405314,181.60565878492847,,,0.9333333333333333,2.7054169364246436,0.0,-0.09014192873057307,,1.3623082876205443
210.11699598870896,212.11699598870896,214.08587257960681,120,1.0,0.5420700117703318,52.56460968811541,-3.3367159004660216,-13.72172182938847,0.7583333333333333,2.8037670234129863,184.45677881308364,,,0.9333333333333333,2.869858946904478,0.0,-0.06960854954902713,,1.3096300065517426
211.11755311246472,213.11755311246472,215.08642970336257,120,1.0,0.5980262651261017,48.196855222157694,-4.197491214691768,-13.294912133996073,0.7333333333333333,3.4314569182155124,504.09507193126115,,,0.9333333333333333,2.993074898443851,0.0,-0.16264394633263368,,1.1451233327388763
212.11811023622047,214.11811023622047,216.08698682711832,120,1.0,0.5721475202314321,36.81760753513798,-2.43893424481981,-13.242169486920252,0.9416666666666667,2.6328328773599083,220.8540631640517,,,0.9916666666666667,2.9685152407321924,0.0,-0.1249055137583597,,0.9972440838813782
213.11866735997623,215.11866735997623,217.08754395087408,120,1.0,0.7916088493212082,38.13946875462468,-8.386688944434905,-13.702115593336853,0.9583333333333334,2.0839939977920707,153.90715723036746,,,1.0,2.9827858935492486,0.0,-0.027690656189897984,,1.1056518256664276
214.11922448373198,216.11922448373198,218.08810107462983,120,1.0,0.7713335334534125,36.48162122938683,-8.54720318033846,-13.817728819658253,0.975,1.0356648912195396,140.33792854642493,,,1.0,3.051039142438496,0.0,-0.02838982867112398,,1.1056518256664276
215.11978160748777,217.11978160748777,219.0886581983856,120,1.0,0.5644485751171847,36.46900172048242,-3.3405889853704274,-13.360906488099175,1.0,0.6091569180968023,125.28085839792165,-3.517666072376438,-15.451438626201913,1.0,3.137784778793923,0.0,0.05902952930244677,0.2478681302575299,1.1472734570503234
216.12033873124352,218.12033873124352,220.08921532214134,120,1.0,0.9226718935365682,45.814693755473826,-7.363395908162682,-13.986755477426104,1.0,0.6072866107498596,125.61543773335688,-4.363796578306362,-15.487919302206416,1.0,3.344188888655927,0.0,-0.008895191913341972,0.16949475190446053,1.1453946352005004
217.12089585499928,219.12089585499928,221.0897724458971,120,1.0,0.6843313155684757,39.38887044747151,-2.4107651093847777,-13.63913992333063,1.0,0.5781160472908532,132.86809766904304,-3.2925686361644853,-15.47073096850579,1.0,3.468084841714366,0.0,-0.08775750120506122,0.011136514852479074,1.2086166501045223
218.12145297875503,220.12145297875503,222.09032956965285,120,1.0,0.8522955191614439,51.00695164148799,-5.293887511808666,-13.929982037567994,1.0,0.5719904791445654,132.46439151583854,-4.583764251032914,-15.299631717175506,1.0,3.478704761854048,0.0,0.012269355943020388,0.019156491167733505,1.4412506997585295
219.12201010251079,221.12201010251079,223.0908866934086,120,1.0,0.9670088108850645,66.09918279934067,-5.503047167418608,-14.049543331299894,1.0,0.5553226580552141,124.15939149396672,-3.7201620289580686,-15.716906392897616,1.0,3.5185746824463155,0.0,0.017929982161877682,0.03436376799888079,1.4206196904182433
220.12256722626654,222.12256722626654,224.09144381716436,120,1.0,0.5897241624601682,57.16457126504109,-2.705842053899647,-14.103352299927096,1.0,0.6083767893384682,133.42166200903196,-3.333447895590397,-15.202547343495695,1.0,3.581696973126331,0.0,0.04327665230195663,0.033487924816345736,1.4206196904182433
