video,minutes,episodes,share_apart,dwell_apart_s,share_near,dwell_near_s,share_contact,dwell_contact_s,share_share,dwell_share_s,share_floor,dwell_floor_s,next_state_entropy_bits,transitions_per_min
zQRF2sLK1vY,0.8758750000000001,26,0.08698412698412698,1.3346666666666667,0.10031746031746032,0.75075,0.49777777777777776,0.75075,0.036825396825396824,0.4337666666666667,0.2780952380952381,1.4347666666666667,1.4562548782626679,29.68460111317254
kxztAr2tQmE_full,0.9522222222222222,25,0.061843640606767794,3.4,0.12018669778296383,0.8,0.6196032672112018,2.2,0.030338389731621937,0.5333333333333333,0.16802800466744458,1.1333333333333333,1.3035088547976783,26.254375729288217
swmrAJkYrlY_full,3.001111111111111,56,0.2865605331358756,4.133333333333334,0.13772676786375415,0.8,0.557571269900037,2.3333333333333335,0.01036653091447612,0.3333333333333333,0.00777489818585709,0.4,0.9792299828607477,18.659755646057018
hJQgFDsAms4_full,5.724444444444444,94,0.0281444099378882,1.2999999999999998,0.07919254658385093,1.2,0.5865683229813664,2.333333333333333,0.02096273291925466,1.0333333333333332,0.28513198757763975,1.4666666666666666,1.1471668175146286,16.42080745341615
iOEZ3i9rgYM_full,3.2199999999999998,25,0.0,,0.05106970324361629,1.2,0.8008971704623878,9.333333333333334,0.015527950310559006,0.3666666666666667,0.13250517598343686,4.333333333333333,0.97078584595195,7.763975155279503
dGPRMNAECKM_full,2.381111111111111,54,0.019132057862809144,0.4,0.10685954269715352,0.8,0.6145590293980401,1.8666666666666667,0.027531497900139992,0.3333333333333333,0.23191787214185722,2.3,1.2927113676870512,22.67848810079328
Rc9vIJt00vs_full,3.868888888888889,93,0.03360137851809305,0.8999999999999999,0.13095921883974726,0.8,0.6217690982194142,4.066666666666666,0.046812176909821944,0.8,0.16685812751292362,1.1333333333333333,1.5918178440807653,24.037909247558876
vinlwkaIW4c_full,3.146666666666667,94,0.07521186440677965,1.2666666666666666,0.1709039548022599,0.8,0.5557909604519774,1.2333333333333334,0.03177966101694915,0.3666666666666667,0.1663135593220339,1.3333333333333333,1.45105851728322,29.8728813559322
kMkJpfUGZz8_full,2.921111111111111,54,0.22403955876759224,3.2666666666666666,0.06200076074553062,0.7,0.4305819703309243,2.966666666666667,0.0395587675922404,0.8,0.24381894256371245,0.8333333333333333,1.4178348495797481,18.486116394066183
uS1JQ-LY8Fs_full,5.891111111111111,98,0.2832893247831007,2.4,0.15465861938890985,0.9333333333333333,0.45096190116937007,3.5,0.000943040362127499,0.3333333333333333,0.11014711429649189,3.2333333333333334,1.0147864700568865,16.635231987929085
