video,width,height,fps,n_frames,camera_static,moving_fraction,two_people_fraction,accepted,shot_cuts,median_people
4UoL-CJ8a0Q.mp4,1280,720,30.0,2881,False,0.288,0.9,False,,
7O4_SwxVq4U.mp4,1280,720,30.0,2801,False,0.842,0.9,False,,
8Gw9FYseGK4.mp4,1280,720,30.0,2801,False,0.254,1.0,False,,
8g-BW08xjR4.mp4,1280,720,29.97,2798,False,0.648,0.516,False,,
9F7uYm2v4rs.mp4,1280,720,29.97,2848,False,0.369,0.323,False,,
HJ3yprmIp80.mp4,1280,720,30.0,2801,True,0.002,0.4,False,,
JOc_QdnEm0c.mp4,1280,720,30.0,2801,False,0.922,0.833,False,,
XGIlU89MgIQ.mp4,640,480,29.97,2798,False,0.795,0.903,False,,
Y944TF9a9_s.mp4,1280,720,23.98,2239,False,0.911,0.226,False,,
YR2QCf5cL6Q.mp4,1280,720,25.0,2271,False,0.507,0.4,False,,
jcrbIdY3HZc.mp4,1280,720,29.97,2848,False,0.676,0.839,False,,
n9aAi2DvkqY.mp4,640,480,29.97,2798,False,0.769,0.613,False,,
rRSgQ4z4db4.mp4,1280,720,30.0,2192,False,0.793,0.967,False,,
zhxXkKX1YF0.mp4,320,240,11.99,1140,True,0.042,0.656,False,,
6BuVFmf4P74.mp4,1280,720,25.0,2361,True,0.011,1.0,True,,
6dEkJWZTc1Q.mp4,1280,720,30.0,2831,False,0.775,0.733,False,,
AOXuZrkYFwE.mp4,1280,720,29.97,2758,True,0.0,0.0,False,,
Ltq6y06E8ew.mp4,640,480,29.97,2758,False,0.967,0.548,False,,
MUugUjn4sEo.mp4,1280,720,29.97,2798,False,0.964,0.903,False,,
OkwfGM7pad8.mp4,1280,720,25.0,2361,True,0.0,1.0,True,,
P4ynGIR_fFQ.mp4,640,480,29.97,2820,False,0.274,0.677,False,,
Pbtdv8JjBzc.mp4,1280,720,25.0,2361,True,0.0,1.0,True,,
QGGYnJeK0Fg.mp4,1280,720,59.94,5684,False,0.699,0.935,False,,
WiG1BTRJMIU.mp4,1280,720,25.0,2361,True,0.0,1.0,True,,
WivRIl8ZBPA.mp4,1280,720,25.0,2361,True,0.003,1.0,True,,
XyRICbfnXmE.mp4,1280,720,29.97,2079,True,0.0,0.419,False,,
Y8J7vXIjQ2I.mp4,1280,720,25.0,2361,False,0.669,0.633,False,,
bckn84lKR08.mp4,854,480,25.0,2361,False,0.29,0.867,False,,
fSdWa8KWaLE.mp4,1280,720,29.97,2803,False,0.637,0.935,False,,
gVGen9nQvxg.mp4,1280,720,25.0,2361,True,0.016,1.0,True,,
gvlGAl5a24I.mp4,1280,720,25.0,2361,True,0.008,1.0,True,,
jyUcmPdxrYQ.mp4,1280,720,25.0,1893,False,0.75,1.0,False,,
k5Bfof2rsNw.mp4,1280,720,25.0,2361,True,0.003,1.0,True,,
nukrXGg85yA.mp4,1280,720,30.0,2801,False,0.137,1.0,False,,
rM1oxiVYCVI.mp4,1280,720,23.98,1955,False,0.597,0.516,False,,
rZ4RXnw28Xc.mp4,848,480,30.0,2305,False,0.54,0.7,False,,
rx7pHCBitAk.mp4,1280,720,25.0,2361,True,0.004,1.0,True,,
uL9T4wWT6-k.mp4,1280,720,25.0,2266,False,0.746,0.5,False,,
xeUSDR9SutE.mp4,1280,720,25.0,2361,True,0.003,1.0,True,,
02h_JbCjz40.mp4,640,480,29.97,2758,False,0.302,0.645,False,0,2.0
0mZgO3KCslg.mp4,854,480,29.97,2798,False,0.906,0.774,False,0,3.0
1gyWVSeWmeo.mp4,1280,720,29.97,2099,True,0.042,0.032,False,18,1.0
5GxW_5khJ1E.mp4,1280,720,29.97,2798,False,0.926,0.323,False,0,2.0
9xnPB9C74Yc.mp4,1280,720,30.0,1975,False,0.522,0.333,False,5,2.0
C8KjccfuvMg.mp4,1280,720,25.0,2361,False,0.428,0.933,False,4,8.0
FvE8Bjkr-IA.mp4,1280,720,25.0,2361,False,0.35,0.9,False,6,4.0
HKyEtT015jg.mp4,1280,720,29.97,2798,False,0.651,0.581,False,0,2.0
I1dmHB_u33A.mp4,1280,720,29.97,2798,True,0.0,0.452,False,0,1.0
KEEQsDmfIyw.mp4,1280,720,29.97,2798,False,0.67,0.806,False,8,5.0
KrOctgNQCgw.mp4,1280,720,24.0,2241,False,0.983,0.233,False,9,2.0
OSYjccHFIYE.mp4,1280,720,29.97,2798,True,0.022,0.0,False,1,1.0
P8I-Y91-Rr0.mp4,1280,720,25.0,2360,False,0.0,0.0,False,0,0.0
Rc9vIJt00vs.mp4,1280,720,59.94,5544,False,0.346,0.516,False,0,2.0
WT4IAWSTEBI.mp4,1280,720,29.97,2848,True,0.0,0.0,False,0,1.0
Xs3ow17HBZA.mp4,352,288,25.0,2376,False,0.213,0.367,False,0,1.0
_LO4YYOzleM.mp4,854,480,29.97,2798,True,0.002,1.0,False,2,2.0
_qnzKHrxKbA.mp4,1280,720,30.0,2716,False,0.0,0.0,False,0,0.0
bdiXctisB4c.mp4,240,182,25.0,1735,False,0.589,0.333,False,8,3.0
doLoA9aXnxk.mp4,1280,720,60.0,5681,True,0.0,1.0,False,0,5.0
fohWn_m9tUE.mp4,1280,720,23.98,2279,True,0.0,0.032,False,0,0.0
hiEP7hVzIeM.mp4,1280,720,23.98,2239,False,0.196,0.742,False,0,2.0
kXCpuDMAMcU.mp4,1280,720,30.0,2791,False,0.83,0.8,False,5,3.0
lS-G_d0Oy8c.mp4,854,480,29.97,2848,False,0.145,0.613,False,2,2.0
oOGLMZdm2uA.mp4,1280,720,25.0,2401,False,0.104,0.8,False,8,6.0
qVbqeTMqPEg.mp4,1280,720,25.0,2361,False,0.562,0.933,False,0,5.0
v6Pt0OXK7es.mp4,656,480,25.0,2258,False,0.607,0.0,False,4,1.0
vinlwkaIW4c.mp4,1280,720,24.0,2241,False,0.175,0.633,False,0,2.0
wD01nG2bPY8.mp4,1280,720,30.0,2714,True,0.001,0.433,False,0,1.0
